-- phpMyAdmin SQL Dump
-- version 4.9.7
-- https://www.phpmyadmin.net/
--
-- Host: localhost:3306
-- Generation Time: Nov 04, 2022 at 05:43 PM
-- Server version: 10.2.44-MariaDB
-- PHP Version: 7.4.30

SET SQL_MODE = "NO_AUTO_VALUE_ON_ZERO";
SET AUTOCOMMIT = 0;
START TRANSACTION;
SET time_zone = "+00:00";

--
-- Database: `phpbbfm_db`
--

--
-- Dumping data for table `phpbb_advance_html`
--

INSERT INTO `phpbb_advance_html` (`config_name`, `config_value`) VALUES
('admin_notes', 'This is just an Admin test note.'),
('custom_header', ''),
('custom_body', ''),
('custom_body_header', ''),
('custom_footer', ''),
('announcement_status', '0'),
('announcement_access', '0'),
('announcement_guest_status', '0'),
('announcement_text_draft', ''),
('announcement_text', ''),
('announcement_guest_text', '');

--
-- Dumping data for table `phpbb_album_cat`
--

INSERT INTO `phpbb_album_cat` (`cat_id`, `cat_title`, `cat_desc`, `cat_order`, `cat_view_level`, `cat_upload_level`, `cat_rate_level`, `cat_comment_level`, `cat_edit_level`, `cat_delete_level`, `cat_moderator_groups`, `cat_approval`, `cat_view_groups`, `cat_upload_groups`, `cat_rate_groups`, `cat_comment_groups`, `cat_edit_groups`, `cat_delete_groups`) VALUES
(1, 'Test Category 1', 'This is just a test photo album', 10, -1, 0, 0, 0, 0, 1, NULL, 0, NULL, NULL, NULL, NULL, NULL, NULL);

--
-- Dumping data for table `phpbb_album_config`
--

INSERT INTO `phpbb_album_config` (`config_name`, `config_value`) VALUES
('max_pics', '1024'),
('user_pics_limit', '50'),
('mod_pics_limit', '250'),
('max_file_size', '128000'),
('max_width', '800'),
('max_height', '600'),
('rows_per_page', '3'),
('cols_per_page', '4'),
('thumbnail_quality', '100'),
('thumbnail_size', '125'),
('thumbnail_cache', '1'),
('jpg_allowed', '1'),
('png_allowed', '1'),
('gif_allowed', '0'),
('hotlink_prevent', '0'),
('hotlink_allowed', ''),
('personal_gallery', '0'),
('personal_gallery_private', '0'),
('personal_gallery_limit', '10'),
('personal_gallery_view', '-1'),
('rate', '1'),
('comment', '1'),
('gd_version', '2'),
('album_version', '.0.56a'),
('desc_length', '512'),
('rate_scale', '10'),
('sort_method', 'pic_time'),
('sort_order', 'DESC'),
('fullpic_popup', '0'),
('disp_late', '1'),
('rate_type', '2'),
('disp_high', '1'),
('disp_rand', '1'),
('img_rows', '2'),
('img_cols', '4'),
('use_watermark', '0'),
('wut_users', '0'),
('disp_watermark_at', '3'),
('hon_rate_times', '1'),
('hon_rate_sep', '1'),
('hon_rate_where', ''),
('hon_rate_users', '1'),
('midthumb_use', '1'),
('midthumb_height', '600'),
('midthumb_width', '800'),
('midthumb_cache', '1'),
('posts', '0'),
('slidepics_per_page', '0');

--
-- Dumping data for table `phpbb_attachments_config`
--

INSERT INTO `phpbb_attachments_config` (`config_name`, `config_value`) VALUES
('upload_dir', 'uploads/attachments'),
('display_order', '0'),
('max_filesize', '262144'),
('attachment_quota', '52428800'),
('max_filesize_pm', '262144'),
('max_attachments', '3'),
('max_attachments_pm', '1'),
('disable_mod', '0'),
('allow_pm_attach', '1'),
('attachment_topic_review', '0'),
('allow_ftp_upload', '0'),
('show_apcp', '0'),
('attach_version', '2.4.5'),
('default_upload_quota', '0'),
('default_pm_quota', '0'),
('ftp_server', ''),
('ftp_path', ''),
('download_path', ''),
('ftp_user', ''),
('ftp_pass', ''),
('ftp_pasv_mode', '1'),
('img_display_inlined', '1'),
('img_max_width', '0'),
('img_max_height', '0'),
('img_link_width', '0'),
('img_link_height', '0'),
('img_create_thumbnail', '0'),
('img_min_thumb_filesize', '12000'),
('img_imagick', ''),
('use_gd2', '0'),
('wma_autoplay', '0'),
('flash_autoplay', '0');

--
-- Dumping data for table `phpbb_backup`
--

INSERT INTO `phpbb_backup` (`backup_skill`, `email_true`, `email`, `ftp_true`, `ftp_server`, `ftp_user_name`, `ftp_user_pass`, `ftp_directory`, `write_backups_true`, `files_to_keep`, `cron_time`, `delay_time`, `backup_type`, `phpbb_only`, `no_search`, `ignore_tables`, `last_run`, `finished`) VALUES
(1, '0', 'webmaster@yourdomain.com', 0, 'yourftpserver', 'yourftpname', 'yourftpassword', 'yourftpdir', 1, '7', '00 ***', '120', 'full', 120, 0, '0', NULL, NULL);

--
-- Dumping data for table `phpbb_bots`
--

INSERT INTO `phpbb_bots` (`bot_id`, `bot_name`, `bot_agent`, `last_visit`, `bot_visits`, `bot_pages`, `pending_agent`, `pending_ip`, `bot_ip`, `bot_style`) VALUES
(1, 'Alexa [Bot]', 'ia_archiver', '', NULL, 0, '', '', '66.28.250.|209.237.238.', 1),
(2, 'Infoseek [Bot]', 'Infoseek', '', NULL, 0, '', '', '195.145.119.24|195.145.119.25|198.5.208|198.5.210|202.33.250.146|202.33.250.147|202.33.250.148|202.33.250.149|202.33.250.150|202.33.250.151|202.33.250.152|202.33.250.153|202.33.250.154|204.162.96|204.162.97.1|204.162.97.152|204.162.97.17|204.162.97.2|204.162.97.205|204.162.97.228|204.162.97.231|204.162.97.3|204.162.97.32|204.162.98.11|204.162.98.12|204.162.98.124|204.162.98.126|204.162.98.151|204.162.98.161|204.162.98.168|204.162.98.18|204.162.98.192|204.162.98.2|204.162.98.237|204.162.98.27|204.162.98.3|204.162.98.36|204.162.98.38|204.162.98.4|204.162.98.45|204.162.98.48|204.162.98.49|204.162.98.5|204.162.98.6|204.162.98.7|204.162.98.8|204.162.98.80|204.162.98.88|204.162.98.9|204.162.98.91|204.162.98.98|204.202.132.19|205.226.201|205.226.203.186|205.226.203.35|205.226.203.56|205.226.203.62|205.226.|204.238|206.3.30.196|206.3.30.250|206.3.30.251|210.148.160.157|210.148.160.163|210.148.160.165|210.148.160.206|210.155.157|210.155.159|210.236.233.130|210.236.233.131|210.236.233.132|210.236.233.133|210.236.233.135|210.236.233.136|210.236.233.137|210.236.233.139|210.236.233.150|210.236.233.151|210.236.233.155|210.236.233.160|210.236.233.161|211.13.222.230|211.18.214.194|212.185.44.10|212.185.44.11|212.185.44.12|212.185.44.15', 1),
(3, 'Alta Vista [Bot]', 'Scooter', '', NULL, 0, '', '', '128.177.243|128.177.244.100|128.177.244.86|194.112.94.250|194.112.94.251|194.112.94.252|194.201.146.1|194.201.146.24|194.221.84.11|194.221.84.15|194.221.84.31|194.221.84.32|194.221.84.33|194.221.84.34|194.221.84.38|194.221.84.39|194.221.84.40|194.221.84.41|194.51.33.72|204.123.13.36|204.123.13.65|204.123.13.66|204.123.2|204.123.28.10|204.123.28.11|204.123.28.20|204.123.28.21|204.123.28.27|204.123.28.30|204.123.28.31|204.123.28.32|204.123.28.33|204.123.9|204.152.190|204.152.191|205.229.83.18|208.185.243.148|208.221.32|208.221.35.200|208.221.35.201|208.221.35.202|208.221.35.203|208.221.35.204|208.221.35.205|208.221.35.206|208.221.35.207|209.247.40.246|209.73.160.1|209.73.160.250|209.73.160.254|209.73.162|209.73.164|209.73.174.250|209.73.174.251|209.73.180|212.187.213.171|212.187.213.172|212.187.213.173|212.187.213.174|212.187.213.175|212.187.226|212.187.226.42|212.187.226.83|212.187.226.84|212.187.226.85|212.187.226.87|212.187.226.88|212.187.226.93|212.187.226.99|212.187.227|216.39.48|216.39.50|216.39.51|216.198.200.119|64.152.75|66.17.148.128|66.17.148.129|66.17.148.130|66.17.148.131|66.17.148.132|66.17.148.133|66.17.148.134|66.17.148.135|66.17.148.136|66.17.148.137|66.17.148.138|66.17.148.139|66.17.148.140|66.17.148.141|66.17.148.142|66.17.148.143|66.17.148.144|66.17.148.145|66.17.148.146|66.17.148.147|66.17.148.148|66.17.148.149|66.17.148.150|66.17.148.151|66.17.148.152|66.17.148.153|66.17.148.154|66.17.148.155|66.17.148.156|66.17.148.157|66.17.148.158|66.17.148.159|66.17.148.160|66.17.148.161|66.17.148.162|66.17.148.163|66.17.148.164|66.17.148.165|66.17.148.166|66.17.148.167|66.17.148.168|66.17.148.169|66.17.148.170|66.17.148.171|66.17.148.172|66.17.148.173|66.17.148.174|66.17.148.175|66.17.148.176|66.17.148.177|66.17.148.178|66.17.148.179|66.17.148.180|66.17.148.181|66.17.148.182|66.17.148.183|66.17.148.184|66.17.148.185|66.17.148.186|66.17.148.187|66.17.148.188|66.17.148.189|66.17.148.190|66.17.148.191|66.163.170.193', 1),
(4, 'Lycos [Bot]', 'Lycos', '', NULL, 0, '', '', '166.48.225.254|202.232.118.40|202.232.118.51|206.79.171|207.77.90|207.77.91.184|208.146.26|208.146.27.123|208.146.27.124|208.146.27.57|208.146.27.58|208.146.27.59|208.146.27.60|208.146.27.62|208.146.27.89|208.146.27.90|208.146.27.91|208.146.27.92|208.146.27.93|208.146.27.94|208.146.27.95|208.146.27.96|209.202.192|209.202.192.147|209.202.193|209.202.194.237|209.202.194.238|209.202.205.1|209.202.240.109|209.202.240.8|209.202.248.211|209.202.248.212|209.202.248.213|209.202.248.214|209.67.228|209.67.229|211.51.63.4|213.193.19.35|64.89.33', 1),
(5, 'FAST [Crawler]', 'alltheweb', '', NULL, 0, '', '', '146.101.142.2|216.35.112.|64.41.254.2|213.188.8.', 1),
(6, 'WiseNut [Bot]', 'WISEnut', '', NULL, 0, '', '', '64.241.243.123|64.241.242.177|64.241.243.65|64.241.243.124|64.242.88.10|64.242.88.50|64.242.88.60|65.116.145.141|65.113.96.174|65.116.145|66.35.208.59|66.35.208.60|66.35.208.112|66.35.208.158|66.35.208.160|66.35.208.206|66.35.208.210|66.35.208.211|208.232.154.64|209.249.66.10|209.249.66.26|209.249.66.36|209.249.67.101|209.249.67.102|209.249.67.103|209.249.67.104|209.249.67.105|209.249.67.106|209.249.67.107|209.249.67.108|209.249.67.109|209.249.67.110|209.249.67.111|209.249.67.112|209.249.67.113|209.249.67.114|209.249.67.115|209.249.67.116|209.249.67.117|209.249.67.118|209.249.67.119|209.249.67.120|209.249.67.121|209.249.67.122|209.249.67.125|209.249.67.126|209.249.67.127|209.249.67.128|209.249.67.129|209.249.67.130|209.249.67.131|209.249.67.132|209.249.67.133|209.249.67.134|209.249.67.135|209.249.67.136|209.249.67.137|209.249.67.138|209.249.67.139|209.249.67.140|209.249.67.141|209.249.67.142|209.249.67.143|209.249.67.144|210.109.141.5|216.34.42.12|216.34.42.14|216.34.42.36|216.34.42.38|216.34.42.42|216.34.42.47|216.34.42.54|216.34.42.55|216.34.42.56|216.34.42.57|216.34.42.59|216.34.42.110|216.34.42.111|216.34.42.112|216.34.42.113|216.34.42.114|216.34.42.115|216.34.42.116|216.34.42.117|216.34.42.171|216.34.42.172|216.34.42.173|216.34.42.176|216.34.42.210|216.34.42.211|216.34.42.212|216.34.42.213|216.34.42.214|216.34.42.215|216.34.42.216|216.34.42.217|216.88.158.142', 1),
(7, 'MSN [Bot]', 'msnbot/', '', NULL, 0, '', '', '131.107.3.|204.95.98.|131.107.1|65.54.164.95|65.54.188.57|65.54.188.93|65.54.188.93|65.54.188.93|65.54.188.93|65.54.188.93|65.54.188.93|65.54.188.93|65.54.188.93|65.54.188.93|65.54.188.93|65.54.188.93|65.54.188.93|65.54.188.93|65.54.188.93|65.54.188.93|65.54.188.93|65.54.188.93|65.54.188.93|65.54.188.93|65.54.188.93|65.54.188.93|65.54.188.93|65.54.188.93|65.54.188.93|65.54.188.93|65.54.188.93|65.54.188.93|65.54.188.93|65.54.188.93|65.54.188.93|65.54.188.93|65.54.188.93|65.54.188.93|65.54.188.93|65.54.188.93|65.54.188.93|65.54.188.93|65.54.188.93|65.54.188.93|65.54.188.93|65.54.188.93|65.54.188.93|65.54.188.93|65.54.188.93|65.54.188.93|65.54.188.93|65.54.188.93|65.54.188.93|65.54.188.93|65.54.188.93|65.54.188.93|65.54.188.93|65.54.188.93|65.54.188.93|65.54.188.93|65.54.188.93|65.54.188.93|65.54.188.93|65.54.188.93|65.54.188.93|65.54.188.93|65.54.188.93|65.54.188.93|65.54.188.93|65.54.188.93|65.54.188.93|65.54.188.93|65.54.188.93|65.54.188.93|65.54.188.93|65.54.188.93|65.54.188.93|65.54.188.93|65.54.188.93|65.54.188.93|65.54.188.93|65.54.188.93|65.54.188.93|65.54.188.93|65.54.188.93|65.54.188.93|65.54.188.93|65.54.188.93|65.54.188.93|65.54.188.93|65.54.188.93|65.54.188.93|65.54.188.93|65.54.188.93|65.54.188.93|65.54.188.93|65.54.188.93|65.54.188.93|65.54.188.93|65.54.188.93|65.54.188.93|65.54.188.93|65.54.188.93|65.54.188.93|65.54.188.93|65.54.188.93|65.54.188.93|65.54.188.93|65.54.188.93|65.54.188.93|65.54.188.93|65.54.188.93|65.54.188.93|65.54.188.93|65.54.188.93|65.54.188.93|65.54.188.93|65.54.188.93|65.54.188.93|65.54.188.93|65.54.188.93|65.54.188.93|65.54.188.93|65.54.188.93|65.54.188.93|65.54.188.93|65.54.188.93|65.54.188.93|65.54.188.93|65.54.188.93|65.54.188.93|65.54.188.93|65.54.188.93|65.54.188.93|65.54.188.93|65.54.188.93|65.54.188.93|65.54.188.93|65.54.188.93|207.46.98.40|207.46.98.129|65.54.164.69|207.46.98.38|207.46.98.109|207.46.98.38|207.46.98.38|65.54.188.127|65.54.188.61', 1),
(8, 'Looksmart [Bot]', 'MARTINI', '', NULL, 0, '', '', '64.241.242.|207.138.42.212', 1),
(9, 'Ask Jeeves [Bot]', 'Ask Jeeves', '', NULL, 0, '', '', '140.239.126.13|140.239.251.220|140.239.251.221|140.239.251.222|140.239.251.223|140.239.251.224|140.239.251.230|207.204.132.233|207.204.132.234|208.178.104.55|209.67.252.197|209.67.252.199|209.67.252.211|209.67.252.212|209.67.252.213|209.67.252.214|209.67.252.215|209.67.252.216|210.51.25.142|211.13.230.249|216.143.191.131|216.200.130.20|216.200.130.200|216.200.130.201|216.200.130.202|216.200.130.203|216.200.130.204|216.200.130.205|216.200.130.206|216.200.130.207|216.200.130.208|216.200.130.209|216.200.130.210|216.200.130.242|216.200.130.244|216.200.130.245|216.200.130.246|216.200.130.248|216.200.130.249|216.200.130.26|216.200.130.77|216.200.130.78|216.200.130.79|216.200.130.85|216.200.130.86|216.200.130.87|216.200.130.88|216.200.130.89|216.34.121.100|216.34.121.18|216.34.121.19|216.34.121.31|216.34.121.32|216.34.121.33|216.34.121.34|216.34.121.67|216.34.121.68|63.236.92.143|63.236.92.144|63.236.92.145|63.236.92.146|63.236.92.147|63.236.92.148|63.236.92.149|63.236.92.150|63.236.92.151|63.236.92.152|63.236.92.153|64.55.148.3|64.55.148.37|64.55.148.38|64.55.148.39|64.55.148.4|64.55.148.43|64.55.148.44|64.55.148.45|64.55.148.5|64.55.148.50|64.55.148.51|64.55.148.52|64.55.148.53|64.55.148.54|65.192.195.0|65.192.195.1|65.192.195.10|65.192.195.11|65.192.195.12|65.192.195.13|65.192.195.14|65.192.195.15|65.192.195.16|65.192.195.17|65.192.195.18|65.192.195.19|65.192.195.2|65.192.195.20|65.192.195.21|65.192.195.22|65.192.195.23|65.192.195.24|65.192.195.25|65.192.195.26|65.192.195.27|65.192.195.28|65.192.195.29|65.192.195.3|65.192.195.30|65.192.195.31|65.192.195.4|65.192.195.5|65.192.195.6|65.192.195.7|65.192.195.8|65.192.195.9|65.214.32.128|65.214.32.129|65.214.32.130|65.214.32.131|65.214.32.132|65.214.32.133|65.214.32.134|65.214.32.135|65.214.32.136|65.214.32.137|65.214.32.138|65.214.32.139|65.214.32.140|65.214.32.141|65.214.32.142|65.214.32.143|65.214.32.144|65.214.32.145|65.214.32.146|65.214.32.147|65.214.32.148|65.214.32.149|65.214.32.150|65.214.32.151|65.214.32.152|65.214.32.153|65.214.32.154|65.214.32.155|65.214.32.156|65.214.32.157|65.214.32.158|65.214.32.159|65.214.32.160|65.214.32.161|65.214.32.162|65.214.32.163|65.214.32.164|65.214.32.165|65.214.32.166|65.214.32.167|65.214.32.168|65.214.32.169|65.214.32.170|65.214.32.171|65.214.32.172|65.214.32.173|65.214.32.174|65.214.32.175|65.214.32.176|65.214.32.177|65.214.32.178|65.214.32.179|65.214.32.180|65.214.32.181|65.214.32.182|65.214.32.183|65.214.32.184|65.214.32.185|65.214.32.186|65.214.32.187|65.214.32.188|65.214.32.189|65.214.32.190|65.214.32.191|65.214.32.192|65.214.32.193|65.214.32.194|65.214.32.195|65.214.32.196|65.214.32.197|65.214.32.198|65.214.32.199|65.214.32.200|65.214.32.201|65.214.32.202|65.214.32.203|65.214.32.204|65.214.32.205|65.214.32.206|65.214.32.207|65.214.32.208|65.214.32.209|65.214.32.210|65.214.32.211|65.214.32.212|65.214.32.213|65.214.32.214|65.214.32.215|65.214.32.216|65.214.32.217|65.214.32.218|65.214.32.219|65.214.32.220|65.214.32.221|65.214.32.222|65.214.32.223|65.214.32.224|65.214.32.225|65.214.32.226|65.214.32.227|65.214.32.228|65.214.32.229|65.214.32.230|65.214.32.231|65.214.32.232|65.214.32.233|65.214.32.234|65.214.32.235|65.214.32.236|65.214.32.237|65.214.32.238|65.214.32.239|65.214.32.240|65.214.32.241|65.214.32.242|65.214.32.243|65.214.32.244|65.214.32.245|65.214.32.246|65.214.32.247|65.214.32.248|65.214.32.249|65.214.32.250|65.214.32.251|65.214.32.252|65.214.32.253|65.214.32.254|65.214.32.255|65.214.36|65.214.38|65.214.44|65.214.45.0|65.214.45.1|65.214.45.10|65.214.45.100|65.214.45.11|65.214.45.12|65.214.45.13|65.214.45.14|65.214.45.15|65.214.45.16|65.214.45.17|65.214.45.18|65.214.45.19|65.214.45.2|65.214.45.20|65.214.45.21|65.214.45.22|65.214.45.23|65.214.45.24|65.214.45.25|65.214.45.26|65.214.45.27|65.214.45.28|65.214.45.29|65.214.45.3|65.214.45.30|65.214.45.31|65.214.45.32|65.214.45.33|65.214.45.34|65.214.45.35|65.214.45.36|65.214.45.37|65.214.45.38|65.214.45.39|65.214.45.4|65.214.45.40|65.214.45.41|65.214.45.42|65.214.45.43|65.214.45.44|65.214.45.45|65.214.45.46|65.214.45.47|65.214.45.48|65.214.45.49|65.214.45.5|65.214.45.50|65.214.45.51|65.214.45.6|65.214.45.7|65.214.45.8|65.214.45.9', 1),
(10, 'Gigabot [Bot]', 'Gigabot', '', NULL, 0, '', '', '64.62.142.231|64.62.142.233|64.62.142.235|64.62.142.237|64.62.142.239|64.62.142.241|64.62.142.243|64.62.142.245|64.62.168.0|64.62.168.1|64.62.168.2|64.62.168.3|64.62.168.4|64.62.168.5|64.62.168.6|64.62.168.7|64.62.168.8|64.62.168.9|64.62.168.10|64.62.168.11|64.62.168.12|64.62.168.13|64.62.168.14|64.62.168.15|64.62.168.16|64.62.168.17|64.62.168.18|64.62.168.19|64.62.168.20|64.62.168.21|64.62.168.22|64.62.168.23|64.62.168.24|64.62.168.25|64.62.168.26|64.62.168.27|64.62.168.28|64.62.168.29|64.62.168.30|64.62.168.31|64.62.168.32|64.62.168.33|64.62.168.34|64.62.168.35|64.62.168.36|64.62.168.37|64.62.168.38|64.62.168.39|64.62.168.40|64.62.168.41|64.62.168.42|64.62.168.43|64.62.168.44|64.62.168.45|64.62.168.46|64.62.168.47|64.62.168.48|64.62.168.49|64.62.168.50|64.62.168.51|64.62.168.52|64.62.168.53|64.62.168.54|64.62.168.55|64.62.168.56|64.62.168.57|64.62.168.58|64.62.168.59|64.62.168.60|64.62.168.61|64.62.168.62|64.62.168.63|64.62.168.64|64.62.168.65|64.62.168.66|64.62.168.67|64.62.168.68|64.62.168.69|64.62.168.70|64.62.168.71|64.62.168.72|64.62.168.73|64.62.168.74|64.62.168.75|64.62.168.76|64.62.168.77|64.62.168.78|64.62.168.79|64.62.168.80|64.62.168.81|64.62.168.82|64.62.168.83|64.62.168.84|64.62.168.85|64.62.168.86|64.62.168.87|64.62.168.88|64.62.168.89|64.62.168.90|64.62.168.91|64.62.168.92|64.62.168.93|64.62.168.94|64.62.168.95|64.62.168.96|64.62.168.97|64.62.168.98|64.62.168.99|64.62.168.100|64.62.168.101|64.62.168.102|64.62.168.103|64.62.168.104|64.62.168.105|64.62.168.106|64.62.168.107|64.62.168.108|64.62.168.109|64.62.168.110|64.62.168.111|64.62.168.112|64.62.168.113|64.62.168.114|64.62.168.115|64.62.168.116|64.62.168.117|64.62.168.118|64.62.168.119|64.62.168.120|64.62.168.121|64.62.168.122|64.62.168.123|64.62.168.124|64.62.168.125|64.62.168.126|64.62.168.127|64.139.94.202|64.211.63.145|64.211.63.146|66.154.102|66.154.103|207.114.174.1|207.114.174.2|207.114.174.3|207.114.174.6|207.114.174.5|207.114.174.7|207.114.174.8|207.114.174.9|207.114.174.10|207.114.174.11|207.114.174.12|207.114.174.13|207.114.174.14|207.114.174.15|207.114.174.16|207.114.174.17|207.114.174.18|207.114.174.19|207.114.174.20|207.114.174.21|207.114.174.22|207.114.174.23|207.114.174.24|207.114.174.25|207.114.174.26|208.254.87.133|216.243.113.1|216.243.113.81|216.243.113.82|216.243.113.83|216.243.113.84|216.243.113.86|216.243.113.87|217.75.103.130', 1),
(11, 'Yahoo Slurp [Bot]', 'Yahoo', '', NULL, 0, '', '', '216.35.116.|66.196.|66.94.230.|202.212.5.|141.185.209|169.207.238|199.177.18.9|202.160.178|202.160.179|202.160.180|202.160.183.182|202.160.183.217|202.160.183.218|202.160.183.219|202.160.183.220|202.160.183.235|202.160.183.239|202.160.183.245|202.165.98|202.165.99|202.212.5.30|202.212.5.32|202.212.5.33|202.212.5.34|202.212.5.35|202.212.5.36|202.212.5.37|202.212.5.38|202.212.5.39|202.212.5.47|202.212.5.48|202.46.19.93|203.123.188.2|203.141.52.41|203.141.52.42|203.141.52.43|203.141.52.44|203.141.52.45|203.141.52.46|203.141.52.47|203.255.234.102|203.255.234.103|203.255.234.105|203.255.234.106|206.190.43.125|206.190.43.81|207.126.239.224|209.1.12|209.1.13.101|209.1.13.231|209.1.13.232|209.1.32.122|209.1.38|209.131.40|209.131.41|209.131.48|209.131.49.37|209.131.50.153|209.131.51.166|209.131.60.169|209.131.60.170|209.131.60.171|209.131.60.19|209.131.62.107|209.131.62.108|209.131.62.109|209.131.62.214|209.185.122|209.185.141|209.185.143|209.191.64.227|209.191.65|209.191.65.249|209.191.65.82|209.191.82.245|209.191.83|209.191.83.220|209.191.87.214|209.191.87.215|209.191.87.216|209.191.87.217|209.191.87.218|209.191.87.219|209.191.87.220|209.191.87.221|209.191.87.222|209.191.87.223|209.67.206.126|209.67.206.127|209.67.206.133|209.73.176.128|209.73.176.129|209.73.176.133|209.73.176.134|209.73.176.136|211.14.8.240|211.169.241.21|213.216.143.37|213.216.143.38|213.216.143.39|216.109.121.70|216.109.121.71|216.109.126.131|216.109.126.133|216.109.126.137|216.109.126.138|216.109.126.139|216.109.126.141|216.109.126.143|216.109.126.145|216.109.126.146|216.109.126.147|216.109.126.150|216.109.126.152|216.109.126.157|216.109.126.158|216.109.126.159|216.109.126.160|216.109.126.161|216.136.233.164|216.145.58.219|216.155.198.60|216.155.200|216.155.202.54|216.155.204.40|216.198.200.123|216.239.193.71|216.239.193.72|216.239.193.73|216.239.193.74|216.239.193.75|216.239.193.76|216.239.193.77|216.239.193.78|216.239.193.79|216.239.193.80|216.239.193.81|216.239.193.82|216.239.193.83|216.239.193.84|216.239.193.85|216.239.193.86|216.32.237.1|216.32.237.10|216.32.237.11|216.32.237.12|216.32.237.13|216.32.237.14|216.32.237.15|216.32.237.16|216.32.237.17|216.32.237.18|216.32.237.19|216.32.237.20|216.32.237.21|216.32.237.22|216.32.237.23|216.32.237.24|216.32.237.25|216.32.237.26|216.32.237.27|216.32.237.28|216.32.237.29|216.32.237.30|216.32.237.7|216.32.237.8|216.32.237.9|62.1|72.199.20|62.1|72.199.21|62.1|72.199.22|62.1|72.199.23|62.1|72.199.24|62.27.59.245|63.163.102.180|63.163.102.181|63.163.102.182|64.157.137.219|64.157.137.220|64.157.137.221|64.157.137.225|64.157.138.103|64.157.138.108|64.75.36.42|64.75.36.43|64.75.36.44|64.75.36.45|64.75.36.47|64.75.36.77|64.75.36.79|64.75.36.80|66.163.170.157|66.163.170.159|66.163.170.161|66.163.170.162|66.163.170.166|66.163.170.167|66.163.170.170|66.163.170.172|66.163.170.176|66.163.170.178|66.163.170.179|66.163.170.180|66.163.170.184|66.163.170.185|66.163.170.190|66.163.170.192|66.163.174.65|66.196.101|66.196.65|66.196.67.100|66.196.67.101|66.196.67.102|66.196.67.103|66.196.67.104|66.196.67.105|66.196.67.106|66.196.67.107|66.196.67.108|66.196.67.109|66.196.67.110|66.196.67.111|66.196.67.112|66.196.67.113|66.196.67.114|66.196.67.115|66.196.67.116|66.196.67.117|66.196.67.118|66.196.67.119|66.196.67.120|66.196.67.121|66.196.67.122|66.196.67.123|66.196.67.124|66.196.67.125|66.196.67.126|66.196.67.127|66.196.67.128|66.196.67.129|66.196.67.130|66.196.67.150|66.196.67.151|66.196.67.176|66.196.67.177|66.196.67.178|66.196.67.200|66.196.67.201|66.196.67.202|66.196.67.203|66.196.67.204|66.196.67.205|66.196.67.206|66.196.67.207|66.196.67.208|66.196.67.209|66.196.67.210|66.196.67.211|66.196.67.212|66.196.67.213|66.196.67.214|66.196.67.215|66.196.67.216|66.196.67.217|66.196.67.218|66.196.67.219|66.196.67.220|66.196.67.221|66.196.67.222|66.196.67.223|66.196.67.224|66.196.67.225|66.196.67.226|66.196.67.227|66.196.67.228|66.196.67.229|66.196.67.230|66.196.67.231|66.196.67.232|66.196.67.233|66.196.67.234|66.196.67.235|66.196.67.236|66.196.67.237|66.196.67.238|66.196.67.239|66.196.67.240|66.196.67.254|66.196.67.30|66.196.67.31|66.196.67.32|66.196.67.33|66.196.67.34|66.196.67.35|66.196.67.36|66.196.67.37|66.196.67.38|66.196.67.39|66.196.67.70|66.196.67.71|66.196.67.72|66.196.67.73|66.196.67.74|66.196.67.75|66.196.67.76|66.196.67.77|66.196.67.78|66.196.67.79|66.196.67.80|66.196.67.94|66.196.67.95|66.196.67.96|66.196.67.97|66.196.67.98|66.196.67.99|66.196.72|66.196.73|66.196.74|66.196.77|66.196.78|66.196.80|66.196.81.10|66.196.81.102|66.196.81.103|66.196.81.104|66.196.81.105|66.196.81.106|66.196.81.107|66.196.81.108|66.196.81.109|66.196.81.11|66.196.81.110|66.196.81.111|66.196.81.112|66.196.81.113|66.196.81.114|66.196.81.115|66.196.81.116|66.196.81.117|66.196.81.118|66.196.81.119|66.196.81.12|66.196.81.120|66.196.81.121|66.196.81.122|66.196.81.123|66.196.81.124|66.196.81.125|66.196.81.126|66.196.81.127|66.196.81.128|66.196.81.129|66.196.81.13|66.196.81.130|66.196.81.131|66.196.81.132|66.196.81.133|66.196.81.134|66.196.81.135|66.196.81.136|66.196.81.137|66.196.81.138|66.196.81.139|66.196.81.14|66.196.81.140|66.196.81.141|66.196.81.142|66.196.81.143|66.196.81.144|66.196.81.145|66.196.81.146|66.196.81.147|66.196.81.148|66.196.81.149|66.196.81.15|66.196.81.150|66.196.81.151|66.196.81.152|66.196.81.153|66.196.81.154|66.196.81.155|66.196.81.156|66.196.81.157|66.196.81.158|66.196.81.159|66.196.81.16|66.196.81.160|66.196.81.161|66.196.81.162|66.196.81.163|66.196.81.164|66.196.81.165|66.196.81.166|66.196.81.167|66.196.81.168|66.196.81.169|66.196.81.17|66.196.81.170|66.196.81.171|66.196.81.172|66.196.81.173|66.196.81.174|66.196.81.175|66.196.81.176|66.196.81.177|66.196.81.178|66.196.81.179|66.196.81.18|66.196.81.180|66.196.81.181|66.196.81.182|66.196.81.183|66.196.81.184|66.196.81.185|66.196.81.187|66.196.81.188|66.196.81.189|66.196.81.19|66.196.81.190|66.196.81.191|66.196.81.192|66.196.81.193|66.196.81.194|66.196.81.195|66.196.81.196|66.196.81.197|66.196.81.198|66.196.81.199|66.196.81.20|66.196.81.200|66.196.81.201|66.196.81.202|66.196.81.203|66.196.81.204|66.196.81.205|66.196.81.206|66.196.81.207|66.196.81.208|66.196.81.209|66.196.81.21|66.196.81.210|66.196.81.211|66.196.81.212|66.196.81.213|66.196.81.214|66.196.81.215|66.196.81.216|66.196.81.217|66.196.81.218|66.196.81.219|66.196.81.22|66.196.81.23|66.196.81.86|66.196.81.87|66.196.81.88|66.196.81.93|66.196.81.94|66.196.81.95|66.196.81.96|66.196.90|66.196.91|66.196.92|66.196.93.19|66.196.93.24|66.196.93.6|66.196.93.7|66.196.97|66.196.99.20|66.218.65.52|66.218.70|66.228.164|66.228.165|66.228.182.177|66.228.182.183|66.228.182.185|66.228.182.187|66.228.182.188|66.228.182.190|66.94.230.100|66.94.230.101|66.94.230.102|66.94.230.103|66.94.230.104|66.94.230.105|66.94.230.106|66.94.230.107|66.94.230.108|66.94.230.109|66.94.230.110|66.94.230.160|66.94.230.161|66.94.230.162|66.94.230.163|66.94.230.96|66.94.230.97|66.94.230.98|66.94.230.99|66.94.232|66.94.233|66.94.238.51|68.142.195.80|68.142.195.81|68.142.203.133|68.142.230.125|68.142.230.126|68.142.230.127|68.142.230.128|68.142.230.129|68.142.230.130|68.142.230.131|68.142.230.132|68.142.230.133|68.142.230.134|68.142.230.135|68.142.230.136|68.142.230.137|68.142.230.138|68.142.230.139|68.142.230.140|68.142.230.141|68.142.230.142|68.142.230.143|68.142.230.144|68.142.230.145|68.142.230.146|68.142.230.147|68.142.230.148|68.142.230.149|68.142.230.150|68.142.230.151|68.142.230.152|68.142.230.153|68.142.230.154|68.142.230.155|68.142.230.156|68.142.230.157|68.142.230.158|68.142.230.159|68.142.230.160|68.142.230.161|68.142.230.162|68.142.230.163|68.142.230.164|68.142.230.165|68.142.230.166|68.142.230.167|68.142.230.168|68.142.230.169|68.142.230.174|68.142.230.175|68.142.230.176|68.142.230.177|68.142.230.178|68.142.230.179|68.142.230.180|68.142.230.181|68.142.230.182|68.142.230.183|68.142.230.184|68.142.230.185|68.142.230.186|68.142.230.187|68.142.230.188|68.142.230.189|68.142.230.190|68.142.230.191|68.142.230.192|68.142.230.193|68.142.230.194|68.142.230.195|68.142.230.196|68.142.230.197|68.142.230.198|68.142.230.199|68.142.230.200|68.142.230.201|68.142.230.202|68.142.230.203|68.142.230.204|68.142.230.205|68.142.230.206|68.142.230.207|68.142.230.208|68.142.230.209|68.142.230.210|68.142.230.211|68.142.230.212|68.142.230.213|68.142.230.214|68.142.230.215|68.142.230.216|68.142.230.217|68.142.230.240|68.142.230.247|68.142.230.248|68.142.230.249|68.142.230.250|68.142.230.251|68.142.230.252|68.142.230.253|68.142.230.254|68.142.230.32|68.142.230.33|68.142.230.34|68.142.230.35|68.142.230.36|68.142.230.37|68.142.230.38|68.142.230.39|68.142.230.40|68.142.230.41|68.142.230.43|68.142.230.44|68.142.230.45|68.142.230.46|68.142.230.47|68.142.230.48|68.142.230.49|68.142.231.49|68.142.246|68.142.249|68.142.250|68.142.251|72.30.101|72.30.102|72.30.103|72.30.104|72.30.107|72.30.110|72.30.111|72.30.128|72.30.129|72.30.131|72.30.132|72.30.133|72.30.134|72.30.135|72.30.142.24|72.30.142.25|72.30.177|72.30.214|72.30.216|72.30.221|72.30.54|72.30.56|72.30.60|72.30.61|72.30.81|72.30.87|72.30.9|72.30.97|72.30.98|72.30.99', 1),
(12, 'Googlebot [Bot]', 'Google', '', NULL, 0, '', '', '209.185.108|209.185.253|216.239.33.96|216.239.33.97|216.239.33.98|216.239.33.99|216.239.37.98|216.239.37.99|216.239.39.98|216.239.39.99|216.239.41.96|216.239.41.97|216.239.41.98|216.239.41.99|216.239.45.4|216.239.46|216.239.51.96|216.239.51.97|216.239.51.98|216.239.51.99|216.239.53.98|216.239.53.99|216.239.57.96|216.239.57.97|216.239.57.98|216.239.57.99|216.239.59.98|216.239.59.99|216.33.229.163|64.233.173.193|64.233.173.194|64.233.173.195|64.233.173.196|64.233.173.197|64.233.173.198|64.233.173.199|64.233.173.200|64.233.173.201|64.233.173.202|64.233.173.203|64.233.173.204|64.233.173.205|64.233.173.206|64.233.173.207|64.233.173.208|64.233.173.209|64.233.173.210|64.233.173.211|64.233.173.212|64.233.173.213|64.233.173.214|64.233.173.215|64.233.173.216|64.233.173.217|64.233.173.218|64.233.173.219|64.233.173.220|64.233.173.221|64.233.173.222|64.233.173.223|64.233.173.224|64.233.173.225|64.233.173.226|64.233.173.227|64.233.173.228|64.233.173.229|64.233.173.230|64.233.173.231|64.233.173.232|64.233.173.233|64.233.173.234|64.233.173.235|64.233.173.236|64.233.173.237|64.233.173.238|64.233.173.239|64.233.173.240|64.233.173.241|64.233.173.242|64.233.173.243|64.233.173.244|64.233.173.245|64.233.173.246|64.233.173.247|64.233.173.248|64.233.173.249|64.233.173.250|64.233.173.251|64.233.173.252|64.233.173.253|64.233.173.254|64.233.173.255|64.68.80|64.68.81|64.68.82|64.68.83|64.68.84|64.68.85|64.68.86|64.68.87|64.68.88|64.68.89|64.68.90.1|64.68.90.10|64.68.90.11|64.68.90.12|64.68.90.129|64.68.90.13|64.68.90.130|64.68.90.131|64.68.90.132|64.68.90.133|64.68.90.134|64.68.90.135|64.68.90.136|64.68.90.137|64.68.90.138|64.68.90.139|64.68.90.14|64.68.90.140|64.68.90.141|64.68.90.142|64.68.90.143|64.68.90.144|64.68.90.145|64.68.90.146|64.68.90.147|64.68.90.148|64.68.90.149|64.68.90.15|64.68.90.150|64.68.90.151|64.68.90.152|64.68.90.153|64.68.90.154|64.68.90.155|64.68.90.156|64.68.90.157|64.68.90.158|64.68.90.159|64.68.90.16|64.68.90.160|64.68.90.161|64.68.90.162|64.68.90.163|64.68.90.164|64.68.90.165|64.68.90.166|64.68.90.167|64.68.90.168|64.68.90.169|64.68.90.17|64.68.90.170|64.68.90.171|64.68.90.172|64.68.90.17|64.68.90.174|64.68.90.175|64.68.90.176|64.68.90.177|64.68.90.178|64.68.90.179|64.68.90.18|64.68.90.180|64.68.90.181|64.68.90.182|64.68.90.183|64.68.90.184|64.68.90.185|64.68.90.186|64.68.90.187|64.68.90.188|64.68.90.189|64.68.90.19|64.68.90.190|64.68.90.191|64.68.90.192|64.68.90.193|64.68.90.194|64.68.90.195|64.68.90.196|64.68.90.197|64.68.90.198|64.68.90.199|64.68.90.2|64.68.90.20|64.68.90.200|64.68.90.201|64.68.90.202|64.68.90.203|64.68.90.204|64.68.90.205|64.68.90.206|64.68.90.207|64.68.90.208|64.68.90.21|64.68.90.22|64.68.90.23|64.68.90.24|64.68.90.25|64.68.90.26|64.68.90.27|64.68.90.28|64.68.90.29|64.68.90.3|64.68.90.30|64.68.90.31|64.68.90.32|64.68.90.33|64.68.90.34|64.68.90.35|64.68.90.36|64.68.90.37|64.68.90.38|64.68.90.39|64.68.90.4|64.68.90.40|64.68.90.41|64.68.90.42|64.68.90.43|64.68.90.44|64.68.90.45|64.68.90.46|64.68.90.47|64.68.90.48|64.68.90.49|64.68.90.5|64.68.90.50|64.68.90.51|64.68.90.52|64.68.90.53|64.68.90.54|64.68.90.55|64.68.90.56|64.68.90.57|64.68.90.58|64.68.90.59|64.68.90.6|64.68.90.60|64.68.90.61|64.68.90.62|64.68.90.63|64.68.90.64|64.68.90.65|64.68.90.66|64.68.90.67|64.68.90.68|64.68.90.69|64.68.90.7|64.68.90.70|64.68.90.71|64.68.90.72|64.68.90.73|64.68.90.74|64.68.90.75|64.68.90.76|64.68.90.77|64.68.90.78|64.68.90.79|64.68.90.8|64.68.90.80|64.68.90.9|64.68.91|64.68.92|66.249.64|66.249.65|66.249.66|66.249.67|66.249.68|66.249.69|66.249.70|66.249.71|66.249.72|66.249.78|66.249.79', 1);

--
-- Dumping data for table `phpbb_categories`
--

INSERT INTO `phpbb_categories` (`cat_id`, `cat_title`, `cat_order`, `cat_sponsor_img`, `cat_sponsor_alt`, `cat_sponsor_url`, `parent_forum_id`, `cat_hier_level`, `cat_icon`) VALUES
(1, 'Test category 1', 10, '', '', '', 0, 0, 'none.gif');

--
-- Dumping data for table `phpbb_config`
--

INSERT INTO `phpbb_config` (`config_name`, `config_value`) VALUES
('config_id', '1'),
('board_disable', '0'),
('sitename', 'My Forum'),
('site_desc', 'A little text to describe your forum'),
('cookie_name', 'phpbb2mysql'),
('cookie_path', '/'),
('cookie_domain', ''),
('cookie_secure', '0'),
('version', '.0.23'),
('fm_version', '90409'),
('session_length', '3600'),
('allow_html', '0'),
('allow_swearywords', '0'),
('allow_html_tags', 'b,i,u,pre'),
('allow_bbcode', '1'),
('allow_smilies', '1'),
('allow_sig', '1'),
('allow_namechange', '0'),
('allow_theme_create', '0'),
('allow_avatar_local', '0'),
('allow_avatar_remote', '0'),
('allow_avatar_upload', '0'),
('enable_confirm', '1'),
('enable_confirm_posting', '1'),
('override_user_style', '0'),
('posts_per_page', '15'),
('topics_per_page', '50'),
('hot_threshold', '25'),
('max_poll_options', '10'),
('max_sig_chars', '255'),
('max_inbox_privmsgs', '50'),
('max_sentbox_privmsgs', '25'),
('max_savebox_privmsgs', '50'),
('board_email_sig', 'Thanks, The Management'),
('board_email', 'youraddress@yourdomain.com'),
('smtp_delivery', '0'),
('smtp_host', ''),
('smtp_username', ''),
('smtp_password', ''),
('sendmail_fix', '0'),
('require_activation', '0'),
('flood_interval', '15'),
('board_email_form', '0'),
('avatar_filesize', '6144'),
('avatar_max_width', '80'),
('avatar_max_height', '80'),
('avatar_path', 'uploads/user_avatars'),
('avatar_gallery_path', 'images/avatars'),
('smilies_path', 'images/smiles'),
('default_style', '1'),
('default_dateformat', 'D M d, Y g:i a'),
('board_timezone', '0'),
('prune_enable', '1'),
('locked_last', '0'),
('privmsg_disable', '0'),
('gzip_compress', '1'),
('coppa_fax', ''),
('coppa_mail', ''),
('record_online_users', '1'),
('record_online_date', '1667598000'),
('server_name', 'www.yourdomain.com'),
('server_port', '80'),
('script_path', '/phpBB2/'),
('board_disable_text', ''),
('board_disable_mode', '-1,0'),
('logo_url', 'index.php'),
('custom_overall_footer', ''),
('custom_overall_header', ''),
('custom_simple_footer', ''),
('custom_simple_header', ''),
('hidde_last_logon', '0'),
('record_day_users', '2'),
('record_day_date', '1667598000'),
('birthday_required', '0'),
('gender_required', '0'),
('birthday_greeting', '1'),
('max_user_age', '100'),
('min_user_age', '5'),
('birthday_check_day', '7'),
('board_sig', ''),
('allow_photo_remote', '0'),
('allow_photo_upload', '0'),
('photo_filesize', '6144'),
('photo_max_height', '80'),
('photo_max_width', '80'),
('photo_path', 'uploads/user_photos'),
('disable_reg_msg', ''),
('points_reply', '1'),
('points_topic', '2'),
('points_post', '0'),
('points_donate', '0'),
('points_page', '1'),
('points_browse', '0'),
('points_name', 'Points'),
('points_user_group_auth_ids', ''),
('points_system_version', '2.1.1'),
('points_banner', '0'),
('points_default', '0'),
('bankinterest', '2'),
('bankfees', '2'),
('bankpayouttime', '86400'),
('bankname', 'Bank'),
('bankopened', '0'),
('banklastrestocked', '0'),
('bank_minwithdraw', '0'),
('bank_mindeposit', '0'),
('bank_interestcut', '0'),
('multibuys', 'on'),
('restocks', 'off'),
('sellrate', '75'),
('viewtopic', '0'),
('viewprofile', 'images'),
('viewinventory', 'grouped'),
('specialshop', 'storedisablednameEffects Storeoff1off1off1off1off1off1off1off1off1off1off1off1off1'),
('viewtopiclimit', '2'),
('shop_orderby', 'name'),
('shop_give', 'on'),
('shop_trade', 'on'),
('shop_invlimit', '0'),
('u_shops_enabled', '0'),
('u_shops_open_cost', '0'),
('u_shops_tax_percent', '1'),
('u_shops_max_items', '100'),
('max_user_bancard', '10'),
('bluecard_limit', '3'),
('bluecard_limit_2', '1'),
('report_forum', '0'),
('no_post_count_forum_id', ''),
('smilie_columns', '6'),
('smilie_rows', '4'),
('smilie_max_filesize', '6144'),
('smilie_icon_path', 'images/smiles'),
('smilie_posting', '1'),
('smilie_popup', '1'),
('smilie_buttons', '1'),
('smilie_random', '0'),
('smilie_removal1', '0'),
('smilie_removal2', '0'),
('smilie_usergroups', '0'),
('allow_avatar_sticky', '0'),
('bb_usage_stats_enable', '0'),
('bb_usage_stats_prscale', '1'),
('bb_usage_stats_specialgrp', '-1'),
('bb_usage_stats_viewlevel', '16'),
('bb_usage_stats_trscale', '1'),
('referral_reward', '50'),
('toplist_button_1', 'images/toplist/button.gif'),
('toplist_button_2', 'images/toplist/button.gif'),
('toplist_button_1_l', 'http://www.yourdomain.com'),
('toplist_button_2_l', 'http://www.yourdomain.com'),
('toplist_imge_dis', '5'),
('toplist_view_hin_hits', '1'),
('toplist_view_out_hits', '1'),
('toplist_view_img_hits', '1'),
('toplist_dimensions', ''),
('toplist_prune_img_hits_interval', '0'),
('toplist_prune_img_hits_last', ''),
('toplist_prune_hin_hits_interval', '0'),
('toplist_prune_hin_hits_last', ''),
('toplist_prune_out_hits_interval', '0'),
('toplist_prune_out_hits_last', ''),
('toplist_anti_flood_out_hits_interval', '0'),
('toplist_anti_flood_hin_hits_interval', '0'),
('toplist_anti_flood_img_hits_interval', '0'),
('toplist_toplist_top10', '0'),
('toplist_count_hin_hits', '1'),
('toplist_count_img_hits', '1'),
('toplist_count_out_hits', '1'),
('toplist_hin_activation', '0'),
('toplist_version', '1.3.8'),
('lottery_status', '0'),
('lottery_name', 'Lottery'),
('lottery_reset', '0'),
('lottery_base', '500'),
('lottery_cost', '1'),
('lottery_ticktype', '0'),
('lottery_length', '86400'),
('lottery_start', '0'),
('lottery_mb', '0'),
('lottery_mb_amount', '1'),
('lottery_items', '0'),
('lottery_show_entries', '0'),
('lottery_history', '1'),
('lottery_item_mcost', '1'),
('lottery_item_xcost', '500'),
('lottery_win_items', ''),
('lottery_currency', ''),
('lottery_random_shop', ''),
('ina_version', '1.1.0'),
('ina_jackpot_pool', '0'),
('ina_max_gamble', '100'),
('ina_daily_game_id', '1'),
('ina_daily_game_random', '1'),
('ina_use_daily_game', '1'),
('ina_use_shoutbox', '1'),
('ina_force_registration', '0'),
('ina_email_sent', '0'),
('ina_rating_reward', '0'),
('ina_use_rating_reward', '0'),
('ina_trophy_king', '2'),
('ina_use_trophy', '1'),
('ina_disable_everything', '0'),
('ina_disable_trophy_page', '0'),
('ina_disable_comments_page', '0'),
('ina_disable_gamble_page', '0'),
('ina_disable_challenges_page', '0'),
('ina_disable_top5_page', '0'),
('ina_cash_name', 'Tokens'),
('ina_default_order', '1'),
('report_cheater', '0'),
('warn_cheater', '0'),
('use_gamelib', '0'),
('games_path', ''),
('gamelib_path', ''),
('use_gk_shop', '0'),
('games_per_page', '20'),
('ina_delete', '0'),
('ina_default_charge', '50'),
('ina_default_increment', '5'),
('ina_default_g_path', 'mods/games/'),
('ina_default_g_reward', '20'),
('ina_default_g_height', '400'),
('ina_default_g_width', '550'),
('ina_guest_play', '2'),
('ina_button_option', '2'),
('ina_post_block', '2'),
('ina_post_block_count', '10'),
('ina_join_block', '2'),
('ina_join_block_count', '14'),
('ina_challenge', '1'),
('ina_pm_trophy', '1'),
('ina_challenge_msg', 'Your Trophy For %g% Has Been Challenged By %n%.'),
('ina_challenge_sub', 'Trophy Challenge In Progress'),
('ina_pm_trophy_msg', '%n% Has Taken Your Trophy For %g%.'),
('ina_pm_trophy_sub', 'Trophy Lost!'),
('challenges_sent', '0'),
('ina_new_game_limit', '7'),
('ina_pop_game_limit', '5'),
('ina_new_game_count', '3'),
('ina_use_newest', '1'),
('ina_use_online', '1'),
('ina_disable_cheat', '1'),
('ina_show_view_profile', '1'),
('ina_show_view_topic', '0'),
('ina_hof_viewtopic', '0'),
('ina_use_max_games_per_day', '2'),
('ina_max_games_per_day', '100'),
('ina_max_games_per_day_date', ''),
('ina_disable_submit_scores_m', '0'),
('ina_disable_submit_scores_g', '0'),
('ina_char_change_char_cost', '0'),
('ina_char_change_gender_cost', '0'),
('ina_char_change_age_cost', '0'),
('ina_char_change_name_cost', '0'),
('ina_char_change_from_cost', '0'),
('ina_char_change_intrests_cost', '0'),
('ina_char_ge_per_game', '1'),
('ina_char_ge_per_beat_score', '2'),
('ina_char_ge_per_trophy', '3'),
('ina_char_show_viewtopic', '1'),
('ina_char_show_viewprofile', '1'),
('ina_char_change_title_cost', '0'),
('ina_char_change_saying_cost', '0'),
('ina_char_name_effects_costs', '7,5,9,3,10,20'),
('ina_char_title_effects_costs', '5,4,3,2,1,1'),
('ina_char_saying_effects_costs', '2,2,2,2,2,2'),
('ina_game_pass_cost', '0'),
('ina_game_pass_length', '5'),
('ina_players_index', '0'),
('message_maxlength', '10000'),
('message_minlength', '2'),
('journal_forum_id', '0'),
('referral_id', '-1'),
('referral_enable', '0'),
('referral_top_limit', '5'),
('meta_keywords', 'phpBB, phpbb, best, forum'),
('meta_description', 'best phpBB forum'),
('meta_revisit', '20'),
('meta_author', 'youraddress@yourdomain.com'),
('meta_owner', 'youraddress@yourdomain.com'),
('meta_distribution', 'global'),
('meta_robots', 'index, follow'),
('meta_abstract', 'best forum'),
('meta_language', 'en'),
('meta_rating', 'General'),
('meta_identifier_url', ''),
('meta_reply_to', 'youraddress@yourdomain.com'),
('meta_category', 'phpBB'),
('meta_copyright', ''),
('meta_generator', 'Fully Modded phpBB'),
('meta_date_revision_day', ''),
('meta_date_revision_month', ''),
('meta_date_revision_year', ''),
('meta_redirect_url_time', ''),
('meta_redirect_url_adress', ''),
('meta_refresh', ''),
('meta_pragma', 'no-cache'),
('visit_counter', '1'),
('year_stars', '1'),
('max_user_votebancard', '50'),
('page_transition', ''),
('debug_value', '0'),
('debug_email', '0'),
('default_clock', 'clock001.swf'),
('notes', '20'),
('enable_user_notes', '0'),
('prune_shouts', '0'),
('avatars_per_page', '20'),
('registration_notify', '0'),
('karma_admins', '1'),
('karma_flood_interval', '1'),
('uniquehits_time', '1440'),
('avatar_posts', '0'),
('shoutbox_enable', '0'),
('shoutbox_refresh_rate', '300'),
('shoutbox_height', ''),
('disable_avatar_approve', '1'),
('bookie_pm', '1'),
('bookie_edit_stake', '1'),
('bookie_leader', '10'),
('bookie_eachway', '0'),
('bookie_user_bets', '0'),
('bookie_frac_or_dec', '0'),
('bookie_welcome', 'Welcome to the Bookmakers'),
('bookie_commission', '3'),
('bookie_allow_commission', '0'),
('bookie_default_date', ''),
('bookie_min_bet', ''),
('bookie_max_bet', ''),
('bookie_def_cat', '1'),
('bookie_restrict', '0'),
('bookie_version', '3.0.0'),
('bin_forum', '0'),
('whosonline_time', '5'),
('display_last_edited', '1'),
('allow_custom_post_color', '0'),
('dbmtnc_rebuild_end', '0'),
('dbmtnc_rebuild_pos', '-1'),
('dbmtnc_rebuildcfg_maxmemory', '500'),
('dbmtnc_rebuildcfg_minposts', '3'),
('dbmtnc_rebuildcfg_php3only', '0'),
('dbmtnc_rebuildcfg_php3pps', '1'),
('dbmtnc_rebuildcfg_php4pps', '8'),
('dbmtnc_rebuildcfg_timelimit', '240'),
('dbmtnc_rebuildcfg_timeoverwrite', '0'),
('dbmtnc_disallow_postcounter', '0'),
('dbmtnc_disallow_rebuild', '0'),
('default_avatar_guests_url', 'images/avatars/none.gif'),
('default_avatar_users_url', 'images/avatars/none.gif'),
('default_avatar_set', '3'),
('newsfeed_rss', 'http://p.moreover.com/cgi-local/page?c=Webmaster%20tips&o=xml'),
('newsfeed_cache', 'cache'),
('newsfeed_cachetime', '10'),
('newsfeed_amt', '11'),
('newsfeed_field_article', 'ARTICLE'),
('newsfeed_field_url', 'URL'),
('newsfeed_field_text', 'HEADLINE_TEXT'),
('newsfeed_field_source', 'SOURCE'),
('newsfeed_field_time', 'HARVEST_TIME'),
('allow_karma', '0'),
('lexicon_title', 'Lexicon'),
('lexicon_description', 'A little text to describe your lexicon'),
('enable_module_avdelete', '0'),
('enable_module_backup', '0'),
('enable_module_disallow', '0'),
('enable_module_mass_email', '0'),
('enable_module_ranks', '0'),
('enable_module_smilies', '0'),
('enable_module_user_ban', '0'),
('enable_module_users', '0'),
('enable_module_words', '0'),
('shop_trans_enable', '0'),
('kicker_setting', '0'),
('kicker_view_setting', '0'),
('allow_invisible_link', '0'),
('myInfo_version', '1.0.0'),
('myInfo_enable', '0'),
('myInfo_name', 'myInfo'),
('myInfo_instructions', 'This is the myInfo text box.'),
('topic_redirect', '1'),
('admin_login', '1'),
('ad_after_post', '0'),
('ad_post_threshold', ''),
('ad_every_post', '0'),
('ad_who', '1'),
('ad_no_forums', ''),
('ad_no_groups', ''),
('ad_old_style', '0'),
('xs_cache_dir', 'cache/tpls'),
('xs_cache_dir_absolute', '0'),
('xs_auto_compile', '1'),
('xs_auto_recompile', '1'),
('xs_use_cache', '1'),
('xs_separator', '/'),
('xs_php', 'php'),
('xs_def_template', 'subSilver'),
('xs_use_isset', '1'),
('xs_check_switches', '0'),
('xs_version', '2'),
('allow_autologin', '1'),
('autologin_check', '0'),
('max_autologin_time', '0'),
('board_sitemap', '0'),
('enable_similar_topics', '0'),
('auction_enable', '0'),
('auction_ebay_user_id', 'your_ebay_user_id'),
('auction_enable_thumbs', '0'),
('auction_timezone_offset', '0'),
('auction_enable_ended', '-1'),
('auction_sort_order', '3'),
('auction_amt', '10'),
('auction_ebay_url', 'http://cgi.ebay.com'),
('max_login_attempts', '5'),
('login_reset_time', '30'),
('user_accounts_limit', '0'),
('split_global_announce', '0'),
('split_announce', '0'),
('split_sticky', '0'),
('enable_ip_logger', '0'),
('null_vote', '0'),
('paypal_p_acct', 'youraddress@yourdomain.com'),
('paypal_currency_code', 'USD'),
('lw_trial_period', '0'),
('extra_days_for_sub', '0'),
('search_flood_interval', '15'),
('rand_seed', 'e183327082b38890da92742f5ee8b2a4'),
('wpm_disable', '1'),
('amazon_enable', '0'),
('amazon_username', 'your_amazon_user_id'),
('amazon_global_announce', '0'),
('amazon_announce', '0'),
('amazon_sticky', '0'),
('amazon_normal', '0'),
('amazon_window', '1'),
('amazon_country', '0'),
('allow_avatar_generator', '0'),
('avatar_generator_template_path', 'images/avatar_generator'),
('search_min_chars', '3'),
('callhome_disable', '0'),
('AJAXed_status', '0'),
('AJAXed_status_prem', '0'),
('AJAXed_inline_post_editing', '0'),
('AJAXed_inline_post_editing_prem', '0'),
('AJAXed_post_title', '0'),
('AJAXed_post_ip', '0'),
('AJAXed_post_menu', '0'),
('AJAXed_poll_menu', '0'),
('AJAXed_poll_title', '0'),
('AJAXed_poll_options', '0'),
('AJAXed_post_preview', '0'),
('AJAXed_pm_preview', '0'),
('AJAXed_user_list', '0'),
('AJAXed_user_list_number', '30'),
('AJAXed_forum_delete', '0'),
('AJAXed_display_delete', '0'),
('AJAXed_forum_move', '0'),
('AJAXed_display_move', '0'),
('AJAXed_forum_lock', '0'),
('AJAXed_post_delete', '0'),
('AJAXed_topic_delete', '0'),
('AJAXed_topic_move', '0'),
('AJAXed_topic_lock', '0'),
('AJAXed_topic_watch', '0'),
('AJAXed_username_check', '0'),
('AJAXed_password_check', '0'),
('limit_username_min_length', '2'),
('limit_username_max_length', '25'),
('pass_gen_length', '6'),
('pass_gen_enable', '0'),
('pass_gen_alphanumerical', '1'),
('pass_gen_uppercase', '1'),
('pass_gen_lowercase', '1'),
('pass_gen_specialchars', '1'),
('pass_gen_numbers', '1'),
('enable_spellcheck', '0'),
('privmsg_newuser_disable', '1'),
('jobs_status', '0'),
('jobs_limit', '2'),
('jobs_pay_type', '0'),
('jobs_index_body', '0'),
('jobs_viewtopic', '0'),
('capitalization', '0'),
('gender_index', '0'),
('chat_index', '0'),
('enable_quick_reply', '0'),
('post_edit_time_limit', '-1'),
('ftr_msg', 'Sorry *u*, you need to read our topic: \"*t*\" for new users. After you read it, you can proceed to browse our posts normally. Please click *l* to view the post.'),
('ftr_topic', '1'),
('ftr_active', '0'),
('ftr_who', '1'),
('stop_bumping', '0'),
('avatar_voting_viewtopic', '0'),
('avatar_toplist', '0'),
('enable_autobackup', '0'),
('dislay_x_donors', '10'),
('donate_start_time', ''),
('donate_end_time', ''),
('donate_cur_goal', '0'),
('donate_description', ''),
('donate_to_points', '0'),
('paypal_b_acct', 'youraddress@yourdomain.com'),
('donate_to_posts', '0'),
('list_top_donors', '0'),
('donate_to_grp_one', '0'),
('to_grp_one_amount', '0'),
('donate_to_grp_two', '0'),
('to_grp_two_amount', '0'),
('donor_rank_id', '0'),
('donate_currencies', ''),
('usd_to_primary', '0'),
('eur_to_primary', '0'),
('gbp_to_primary', '0'),
('cad_to_primary', '0'),
('jpy_to_primary', '0'),
('gender_viewtopic', '0'),
('birthday_viewtopic', '0'),
('usertime_viewtopic', '0'),
('viewtopic_extrastats', '0'),
('viewtopic_memnum', '0'),
('viewtopic_yearstars', '0'),
('viewtopic_flag', '0'),
('viewtopic_usergroups', '0'),
('viewtopic_buddyimg', '0'),
('points_viewtopic', '0'),
('collapse_userinfo', '0'),
('viewtopic_style', '0'),
('viewtopic_viewpost', '0'),
('viewtopic_downpost', '0'),
('enable_bancards', '0'),
('enable_kicker', '0'),
('viewtopic_status', '0'),
('viewtopic_editdate', '0'),
('daily_post_limit', '0'),
('visit_counter_index', '0'),
('viewtopic_profilephoto', '0'),
('wrap_enable', '0'),
('wrap_min', '50'),
('wrap_max', '99'),
('wrap_def', '80'),
('reduce_posted_imgs', '0'),
('news_block', 'Your news text'),
('news_title', 'Your News Title'),
('news_style', 'marquee'),
('news_bold', 'B'),
('news_ital', 'none'),
('news_under', 'none'),
('news_size', '12'),
('scroll_speed', '5'),
('scroll_action', 'left'),
('scroll_behavior', 'scroll'),
('scroll_size', '100%'),
('kb_approve_new', '1'),
('kb_approve_edit', '1'),
('kb_allow_new', '1'),
('kb_allow_edit', '1'),
('kb_notify', '1'),
('kb_admin_id', '2'),
('kb_show_pt', '0'),
('kb_pt_body', 'Please check your references and include as much information as you can.'),
('kb_forum_id', '1'),
('kb_comments', '1'),
('kb_allow_anon', '0'),
('kb_del_topic', '1'),
('jump_to_topic', '0'),
('shoutbox_position', '0'),
('forum_module_disable', '0'),
('forum_module_width', '180'),
('forum_module_glance', '0'),
('glance_forum_id', '1'),
('glance_forum_news_title', 'Important News'),
('glance_forum_discuss_title', 'Recent Discussions'),
('forum_module_calendar', '0'),
('forum_module_birthday', '0'),
('forum_module_photo', '0'),
('forum_module_newsbar', '0'),
('forum_module_links', '0'),
('forum_module_weather', '0'),
('forum_module_clock', '0'),
('forum_module_quote', '0'),
('glance_news_num', '5'),
('glance_recent_num', '5'),
('forum_module_karma', '0'),
('forum_module_newusers', '0'),
('forum_module_topposters', '0'),
('forum_module_points', '0'),
('forum_module_dloads', '0'),
('forum_module_randomuser', '0'),
('forum_module_game', '0'),
('forum_module_wallpaper', '0'),
('glance_news_scroll', '0'),
('glance_recent_scroll', '0'),
('forum_module_donors', '0'),
('search_enable', '1'),
('search_footer', '0'),
('search_forum', '0'),
('post_images_max_width', '400'),
('post_images_max_height', '300'),
('post_images_max_limit', '3'),
('board_hits', '0'),
('board_serverload', '0'),
('profile_show_sig', '0'),
('max_sig_lines', '4'),
('index_new_reg_users', '0'),
('reduce_bbcode_imgs', '0'),
('sig_images_max_limit', '1'),
('sig_images_max_width', '400'),
('sig_images_max_height', '300'),
('index_active_in_forum', '0'),
('vip_enable', '1'),
('vip_code', '2486'),
('enable_mod_logger', '0'),
('enable_topic_view_users', '0'),
('enable_tellafriend', '0'),
('ts_sitetitle', 'Teamspeak'),
('ts_serveraddress', '127.0.0.1'),
('ts_serverqueryport', '51234'),
('ts_serverudpport', '8767'),
('ts_refreshtime', '300'),
('ts_serverpasswort', 'password'),
('forum_module_teamspeak', '0'),
('enable_coppa', '0'),
('enable_avatar_register', '0'),
('enable_http_referrers', '0'),
('minical_upcoming', '0'),
('minical_event_lmt', '5'),
('minical_search', 'POSTS'),
('enable_ignore_sigav', '0'),
('all_admin', '0'),
('referral_viewtopic', '0'),
('hl_enable', '0'),
('hl_necessary_post_number', '0'),
('hl_mods_priority', '1'),
('ts_winheight', ''),
('vote_min_posts', '0'),
('enable_quick_titles', '0'),
('mods_viewips', '0'),
('admin_auto_delete_days', '999'),
('admin_auto_delete_days_inactive', '999'),
('admin_auto_delete_inactive', '0'),
('admin_auto_delete_non_visit', '0'),
('admin_auto_delete_total', '0'),
('admin_auto_delete_minutes', '1440'),
('last_auto_delete_users_attempt', '0'),
('admin_auto_delete_days_no_post', '999'),
('admin_auto_delete_no_post', '0'),
('stat_return_limit', '10'),
('stat_page_views', '0'),
('stat_index', '0'),
('stat_all_or_one', '0'),
('password_update_days', '0'),
('index_groups', '0'),
('auto_group_id', '0'),
('enable_bot_tracking', '0'),
('enable_bot_email', '0'),
('enable_bots_whosonline', '0'),
('user_prune_notify', '1'),
('gzip_level', '9'),
('allow_medal_display_viewtopic', '0'),
('allow_medal_display_viewprofile', '0'),
('medal_display_row', '1'),
('medal_display_col', '1'),
('medal_display_width', ''),
('medal_display_height', ''),
('medal_display_order', ''),
('viewprofile_profilephoto', '0'),
('disable_topic_watching', '1'),
('missing_bbcode_imgs', '0'),
('charts_week_num', '1'),
('subchk_enable', '0'),
('subchk_bypass', '1'),
('subchk_strict', '0'),
('subchk_locked', '1'),
('subchk_limit', '5'),
('subchk_admin', '0'),
('subchk_mod', '0'),
('subchk_postcount', '0'),
('forum_module_shoutcast', '0'),
('forum_module_shoutcast_height', ''),
('shoutcast_server', ''),
('shoutcast_port', ''),
('shoutcast_pass', ''),
('privmsg_self', '1');

--
-- Dumping data for table `phpbb_config_nav`
--

INSERT INTO `phpbb_config_nav` (`navlink_id`, `img`, `alt`, `use_lang`, `url`, `nav_order`, `value`) VALUES
(1, 'icon_mini_portal.gif', 'Portal', 1, 'portal.php', 10, 0),
(2, 'icon_mini_forums.gif', 'Board', 1, 'index.php', 20, 0),
(3, 'icon_mini_faq.gif', 'FAQ', 1, 'faq.php', 30, 1),
(4, 'icon_mini_calendar.gif', 'Calendar', 1, 'calendar.php', 40, 0),
(5, 'icon_mini_imlist.gif', 'IM List', 1, 'imlist.php', 50, 0),
(6, 'icon_mini_album.gif', 'Album', 1, 'album.php', 60, 0),
(7, 'icon_mini_charts.gif', 'Charts', 1, 'charts.php', 70, 0),
(8, 'icon_mini_smilies.gif', 'Smilies', 1, 'smilies.php', 80, 0),
(9, 'icon_mini_groups.gif', 'Groups', 1, 'groupcp.php', 90, 1),
(10, 'icon_mini_members.gif', 'Toplist', 1, 'toplist.php', 100, 0),
(11, 'icon_mini_links.gif', 'Links', 1, 'linkdb.php', 110, 0),
(12, 'icon_mini_download.gif', 'Downloads', 1, 'dload.php', 120, 0),
(13, 'icon_mini_ratings.gif', 'Ratings', 1, 'ratings.php', 130, 0),
(14, 'icon_mini_statistics.gif', 'Statistics', 1, 'statistics.php', 140, 0),
(15, 'icon_mini_ban.gif', 'Banlist', 1, 'banlist.php', 150, 0),
(16, 'icon_mini_staff.gif', 'Staff', 1, 'staff.php', 160, 0),
(17, 'icon_mini_radio.gif', 'Radio', 1, '#', 170, 0),
(18, 'icon_mini_members.gif', 'Referrals', 1, 'top_referrals.php', 180, 0),
(19, 'icon_mini_games.gif', 'Games', 1, 'activity.php', 190, 0),
(20, 'icon_mini_shop.gif', 'Shop', 1, 'shop.php', 200, 0),
(21, 'icon_mini_faq.gif', 'Tour', 1, 'javascript:tour()', 210, 0),
(22, 'icon_mini_staff.gif', 'Helpdesk', 1, 'helpdesk.php', 220, 0),
(23, 'icon_mini_bank.gif', 'Bookmakers', 1, 'bookies.php', 230, 0),
(24, 'icon_mini_forums.gif', 'Guestbook', 1, 'guestbook.php', 240, 0),
(25, 'icon_mini_members.gif', 'Members', 1, 'memberlist.php', 250, 1),
(26, 'icon_mini_faq.gif', 'Knowledge Base', 1, 'kb.php', 260, 0),
(27, 'icon_mini_faq.gif', 'Lexicon', 1, 'lexicon.php', 270, 0),
(28, 'icon_mini_medal.gif', 'Medals', 1, 'medals.php', 280, 0);

--
-- Dumping data for table `phpbb_digests_config`
--

INSERT INTO `phpbb_digests_config` (`config_name`, `config_value`) VALUES
('activity_threshold', '90'),
('allow_daily', '1'),
('allow_direct_run', '0'),
('allow_exclude', '0'),
('allow_hours1', '0'),
('allow_hours2', '0'),
('allow_hours4', '0'),
('allow_hours6', '0'),
('allow_hours8', '0'),
('allow_hours12', '0'),
('allow_monthly', '0'),
('allow_urgent', '0'),
('allow_weekly', '1'),
('auto_subscribe', '0'),
('auto_subscribe_group', '0'),
('check_user_activity', '0'),
('default_format', '1'),
('default_frequency', '24'),
('default_new_only', '1'),
('default_send_on_no_messages', '0'),
('default_show_mine', '0'),
('default_show_text', '1'),
('default_text_length_type', '1'),
('digest_date_format', 'D d-M-Y a	 H:i:s'),
('digest_disable_group', '1'),
('digest_disable_user', '1'),
('digest_logging', '0'),
('digest_subject', ''),
('digest_theme', '1'),
('digest_version', '1.3.4'),
('direct_password', ''),
('home_page', 'index'),
('log_days', '8'),
('monthly_day', '28'),
('new_sign_up', '0'),
('override_theme', '1'),
('pm_notify', '0'),
('pm_display', '0'),
('run_urgent_only', '1'),
('run_time', '18'),
('short_text_length', '150'),
('show_forum_description', '0'),
('show_ip', '0'),
('show_stats', '1'),
('supress_cron_output', '0'),
('test_mode', '1'),
('theme_type', '0'),
('urgent_run_required', '1'),
('use_system_time', '1'),
('weekly_day', '0');

--
-- Dumping data for table `phpbb_extensions`
--

INSERT INTO `phpbb_extensions` (`ext_id`, `group_id`, `extension`, `comment`) VALUES
(1, 1, 'gif', ''),
(2, 1, 'png', ''),
(3, 1, 'jpeg', ''),
(4, 1, 'jpg', ''),
(5, 1, 'tif', ''),
(6, 1, 'tga', ''),
(7, 2, 'gtar', ''),
(8, 2, 'gz', ''),
(9, 2, 'tar', ''),
(10, 2, 'zip', ''),
(11, 2, 'rar', ''),
(12, 2, 'ace', ''),
(13, 2, '7z', ''),
(14, 3, 'txt', ''),
(15, 3, 'c', ''),
(16, 3, 'h', ''),
(17, 3, 'cpp', ''),
(18, 3, 'hpp', ''),
(19, 3, 'diz', ''),
(20, 4, 'xls', ''),
(21, 4, 'doc', ''),
(22, 4, 'dot', ''),
(23, 4, 'pdf', ''),
(24, 4, 'ai', ''),
(25, 4, 'ps', ''),
(26, 4, 'ppt', ''),
(27, 5, 'rm', ''),
(28, 6, 'wma', ''),
(29, 7, 'swf', '');

--
-- Dumping data for table `phpbb_extension_groups`
--

INSERT INTO `phpbb_extension_groups` (`group_id`, `group_name`, `cat_id`, `allow_group`, `download_mode`, `upload_icon`, `max_filesize`, `forum_permissions`) VALUES
(1, 'Images', 1, 1, 1, '', 0, ''),
(2, 'Archives', 0, 1, 1, '', 0, ''),
(3, 'Plain Text', 0, 0, 1, '', 0, ''),
(4, 'Documents', 0, 0, 1, '', 0, ''),
(5, 'Real Media', 0, 0, 2, '', 0, ''),
(6, 'Streams', 2, 0, 1, '', 0, ''),
(7, 'Flash Files', 3, 0, 1, '', 0, '');

--
-- Dumping data for table `phpbb_flags`
--

INSERT INTO `phpbb_flags` (`flag_id`, `flag_name`, `flag_image`) VALUES
(1, 'Afghanistan', 'afghanistan.gif'),
(2, 'Albania', 'albania.gif'),
(3, 'Algeria', 'algeria.gif'),
(4, 'Andorra', 'andorra.gif'),
(5, 'Angola', 'angola.gif'),
(6, 'Antigua And Barbuda', 'antiguabarbuda.gif'),
(7, 'Argentina', 'argentina.gif'),
(8, 'Armenia', 'armenia.gif'),
(9, 'Australia', 'australia.gif'),
(10, 'Austria', 'austria.gif'),
(11, 'Azerbaijan', 'azerbaijan.gif'),
(12, 'Bahamas', 'bahamas.gif'),
(13, 'Bahrain', 'bahrain.gif'),
(14, 'Bangladesh', 'bangladesh.gif'),
(15, 'Barbados', 'barbados.gif'),
(16, 'Belarus', 'belarus.gif'),
(17, 'Belgium', 'belgium.gif'),
(18, 'Belize', 'belize.gif'),
(19, 'Benin', 'benin.gif'),
(20, 'Bhutan', 'bhutan.gif'),
(21, 'Bolivia', 'bolivia.gif'),
(22, 'Bosnia Herzegovina', 'bosnia_herzegovina.gif'),
(23, 'Botswana', 'botswana.gif'),
(24, 'Brazil', 'brazil.gif'),
(25, 'Brunei', 'brunei.gif'),
(26, 'Bulgaria', 'bulgaria.gif'),
(27, 'Burkinafaso', 'burkinafaso.gif'),
(28, 'Burma', 'burma.gif'),
(29, 'Burundi', 'burundi.gif'),
(30, 'Cambodia', 'cambodia.gif'),
(31, 'Cameroon', 'cameroon.gif'),
(32, 'Canada', 'canada.gif'),
(33, 'Central African Rep', 'centralafricanrep.gif'),
(34, 'Chad', 'chad.gif'),
(35, 'Chile', 'chile.gif'),
(36, 'China', 'china.gif'),
(37, 'Columbia', 'columbia.gif'),
(38, 'Comoros', 'comoros.gif'),
(39, 'Congo', 'congo.gif'),
(40, 'Costarica', 'costarica.gif'),
(41, 'Croatia', 'croatia.gif'),
(42, 'Cuba', 'cuba.gif'),
(43, 'Cyprus', 'cyprus.gif'),
(44, 'Czech Republic', 'czechrepublic.gif'),
(45, 'Demrepcongo', 'demrepcongo.gif'),
(46, 'Denmark', 'denmark.gif'),
(47, 'Djibouti', 'djibouti.gif'),
(48, 'Dominica', 'dominica.gif'),
(49, 'Dominican Rep', 'dominicanrep.gif'),
(50, 'Ecuador', 'ecuador.gif'),
(51, 'Egypt', 'egypt.gif'),
(52, 'Elsalvador', 'elsalvador.gif'),
(53, 'England', 'england.gif'),
(54, 'Eq Guinea', 'eq_guinea.gif'),
(55, 'Eritrea', 'eritrea.gif'),
(56, 'Estonia', 'estonia.gif'),
(57, 'Ethiopia', 'ethiopia.gif'),
(58, 'Europe', 'europe.gif'),
(59, 'Fiji', 'fiji.gif'),
(60, 'Finland', 'finland.gif'),
(61, 'France', 'france.gif'),
(62, 'Gabon', 'gabon.gif'),
(63, 'Gambia', 'gambia.gif'),
(64, 'Georgia', 'georgia.gif'),
(65, 'Germany', 'germany.gif'),
(66, 'Ghana', 'ghana.gif'),
(67, 'Greece', 'greece.gif'),
(68, 'Grenada', 'grenada.gif'),
(69, 'Grenadines', 'grenadines.gif'),
(70, 'Guatemala', 'guatemala.gif'),
(71, 'Guinea', 'guinea.gif'),
(72, 'Guineabissau', 'guineabissau.gif'),
(73, 'Guyana', 'guyana.gif'),
(74, 'Haiti', 'haiti.gif'),
(75, 'Honduras', 'honduras.gif'),
(76, 'Hong Kong', 'hong_kong.gif'),
(77, 'Hungary', 'hungary.gif'),
(78, 'Iceland', 'iceland.gif'),
(79, 'India', 'india.gif'),
(80, 'Indonesia', 'indonesia.gif'),
(81, 'Iran', 'iran.gif'),
(82, 'Iraq', 'iraq.gif'),
(83, 'Ireland', 'ireland.gif'),
(84, 'Israel', 'israel.gif'),
(85, 'Italy', 'italy.gif'),
(86, 'Ivory Coast', 'ivorycoast.gif'),
(87, 'Jamaica', 'jamaica.gif'),
(88, 'Japan', 'japan.gif'),
(89, 'Jordan', 'jordan.gif'),
(90, 'Kazakhstan', 'kazakhstan.gif'),
(91, 'Kenya', 'kenya.gif'),
(92, 'Kiribati', 'kiribati.gif'),
(93, 'Kuwait', 'kuwait.gif'),
(94, 'Kyrgyzstan', 'kyrgyzstan.gif'),
(95, 'Laos', 'laos.gif'),
(96, 'Latvia', 'latvia.gif'),
(97, 'Lebanon', 'lebanon.gif'),
(98, 'Liberia', 'liberia.gif'),
(99, 'Libya', 'libya.gif'),
(100, 'Liechtenstein', 'liechtenstein.gif'),
(101, 'Lithuania', 'lithuania.gif'),
(102, 'Luxembourg', 'luxembourg.gif'),
(103, 'Macadonia', 'macadonia.gif'),
(104, 'Macau', 'macau.gif'),
(105, 'Madagascar', 'madagascar.gif'),
(106, 'Malawi', 'malawi.gif'),
(107, 'Malaysia', 'malaysia.gif'),
(108, 'Maldives', 'maldives.gif'),
(109, 'Mali', 'mali.gif'),
(110, 'Malta', 'malta.gif'),
(111, 'Mauritania', 'mauritania.gif'),
(112, 'Mauritius', 'mauritius.gif'),
(113, 'Mexico', 'mexico.gif'),
(114, 'Micronesia', 'micronesia.gif'),
(115, 'Moldova', 'moldova.gif'),
(116, 'Monaco', 'monaco.gif'),
(117, 'Mongolia', 'mongolia.gif'),
(118, 'Morocco', 'morocco.gif'),
(119, 'Mozambique', 'mozambique.gif'),
(120, 'Namibia', 'namibia.gif'),
(121, 'Nauru', 'nauru.gif'),
(122, 'Nepal', 'nepal.gif'),
(123, 'Neth Antilles', 'neth_antilles.gif'),
(124, 'Netherlands', 'netherlands.gif'),
(125, 'New Zealand', 'newzealand.gif'),
(126, 'Nicaragua', 'nicaragua.gif'),
(127, 'Niger', 'niger.gif'),
(128, 'Nigeria', 'nigeria.gif'),
(129, 'North Korea', 'north_korea.gif'),
(130, 'Norway', 'norway.gif'),
(131, 'Oman', 'oman.gif'),
(132, 'Pakistan', 'pakistan.gif'),
(133, 'Panama', 'panama.gif'),
(134, 'Papua New Guinea', 'papuanewguinea.gif'),
(135, 'Paraguay', 'paraguay.gif'),
(136, 'Peru', 'peru.gif'),
(137, 'Philippines', 'philippines.gif'),
(138, 'Poland', 'poland.gif'),
(139, 'Portugal', 'portugal.gif'),
(140, 'Puertorico', 'puertorico.gif'),
(141, 'Qatar', 'qatar.gif'),
(142, 'Rawanda', 'rawanda.gif'),
(143, 'Romania', 'romania.gif'),
(144, 'Russia', 'russia.gif'),
(145, 'Sao Tome', 'sao_tome.gif'),
(146, 'Saudi Arabia', 'saudiarabia.gif'),
(147, 'Scotland', 'scotland.gif'),
(148, 'Senegal', 'senegal.gif'),
(149, 'Serbia', 'serbia.gif'),
(150, 'Seychelles', 'seychelles.gif'),
(151, 'Sierraleone', 'sierraleone.gif'),
(152, 'Singapore', 'singapore.gif'),
(153, 'Slovakia', 'slovakia.gif'),
(154, 'Slovenia', 'slovenia.gif'),
(155, 'Solomon Islands', 'solomon_islands.gif'),
(156, 'Somalia', 'somalia.gif'),
(157, 'South Africa', 'southafrica.gif'),
(158, 'South Korea', 'south_korea.gif'),
(159, 'Spain', 'spain.gif'),
(160, 'Sri Lanka', 'srilanka.gif'),
(161, 'St Kitts Nevis', 'stkitts_nevis.gif'),
(162, 'St Lucia', 'stlucia.gif'),
(163, 'Sudan', 'sudan.gif'),
(164, 'Suriname', 'suriname.gif'),
(165, 'Sweden', 'sweden.gif'),
(166, 'Switzerland', 'switzerland.gif'),
(167, 'Syria', 'syria.gif'),
(168, 'Taiwan', 'taiwan.gif'),
(169, 'Tajikistan', 'tajikistan.gif'),
(170, 'Tanzania', 'tanzania.gif'),
(171, 'Thailand', 'thailand.gif'),
(172, 'Togo', 'togo.gif'),
(173, 'Tonga', 'tonga.gif'),
(174, 'Trinidad And Tobago', 'trinidadandtobago.gif'),
(175, 'Tunisia', 'tunisia.gif'),
(176, 'Turkey', 'turkey.gif'),
(177, 'Turkmenistan', 'turkmenistan.gif'),
(178, 'Tuvala', 'tuvala.gif'),
(179, 'Uae', 'uae.gif'),
(180, 'Uganda', 'uganda.gif'),
(181, 'UK', 'uk.gif'),
(182, 'Ukraine', 'ukraine.gif'),
(183, 'Uruguay', 'uruguay.gif'),
(184, 'USA', 'usa.gif'),
(185, 'USSR', 'ussr.gif'),
(186, 'Uzbekistan', 'uzbekistan.gif'),
(187, 'Vanuatu', 'vanuatu.gif'),
(188, 'Venezuela', 'venezuela.gif'),
(189, 'Vietnam', 'vietnam.gif'),
(190, 'Wales', 'wales.gif'),
(191, 'Western Samoa', 'western_samoa.gif'),
(192, 'Yemen', 'yemen.gif'),
(193, 'Yugoslavia', 'yugoslavia.gif'),
(194, 'Zaire', 'zaire.gif'),
(195, 'Zambia', 'zambia.gif'),
(196, 'Zimbabwe', 'zimbabwe.gif');

--
-- Dumping data for table `phpbb_forbidden_extensions`
--

INSERT INTO `phpbb_forbidden_extensions` (`ext_id`, `extension`) VALUES
(1, 'php'),
(2, 'php3'),
(3, 'php4'),
(4, 'phtml'),
(5, 'pl'),
(6, 'asp'),
(7, 'cgi');

--
-- Dumping data for table `phpbb_forums`
--

INSERT INTO `phpbb_forums` (`forum_id`, `cat_id`, `forum_name`, `forum_desc`, `forum_status`, `forum_order`, `forum_posts`, `forum_topics`, `forum_views`, `forum_last_post_id`, `forum_hier_level`, `forum_issub`, `prune_next`, `prune_enable`, `move_next`, `move_enable`, `points_disabled`, `auth_view`, `auth_read`, `auth_post`, `auth_reply`, `auth_edit`, `auth_delete`, `auth_sticky`, `auth_announce`, `auth_globalannounce`, `auth_vote`, `auth_pollcreate`, `auth_attachments`, `auth_download`, `auth_suggest_event`, `is_default`, `events_forum`, `auth_ban`, `auth_voteban`, `auth_greencard`, `auth_bluecard`, `forum_icon`, `icon_enable`, `answered_enable`, `forum_external`, `forum_redirect_url`, `forum_redirects_user`, `forum_redirects_guest`, `forum_ext_newwin`, `forum_ext_image`, `image_ever_thumb`, `forum_enter_limit`, `forum_rules`, `amazon_display`, `forum_thank`, `forum_sort`, `forum_digest`, `forum_password`, `hide_forum_on_index`, `hide_forum_in_cat`, `display_moderators`, `index_posts`, `forum_template`, `stop_bumping`, `forum_toggle`, `index_lasttitle`, `display_pic_alert`, `forum_regdate_limit`, `forum_subject_check`, `topic_password`) VALUES
(1, 1, 'Test Forum 1', 'This is just a test forum.', 0, 10, 1, 1, 1, 1, 0, 0, NULL, 0, NULL, 0, 0, 0, 0, 1, 1, 1, 1, 3, 3, 3, 1, 1, 3, 0, 1, 0, 0, 3, 1, 5, 1, 'none.gif', 0, 0, 0, NULL, 0, 0, 0, NULL, 0, 0, NULL, NULL, 0, '', 1, '', 0, 0, 1, 1, 0, 0, 0, 0, 0, 0, 0, 0);

--
-- Dumping data for table `phpbb_groups`
--

INSERT INTO `phpbb_groups` (`group_id`, `group_type`, `group_name`, `group_description`, `group_moderator`, `group_single_user`, `group_allow_pm`, `group_digest`, `group_amount`, `group_period`, `group_period_basis`, `group_first_trial_fee`, `group_first_trial_period`, `group_first_trial_period_basis`, `group_second_trial_fee`, `group_second_trial_period`, `group_second_trial_period_basis`, `group_sub_recurring`, `group_sub_recurring_stop`, `group_sub_recurring_stop_num`, `group_sub_reattempt`, `allow_create_meeting`, `group_members_count`, `group_colored`, `group_colors`, `group_order`, `group_rank_order`, `group_validate`) VALUES
(1, 1, 'Anonymous', 'Personal User', 0, 1, 5, 0, 0, 1, 'M', 0, 0, '0', 0, 0, '0', 1, 0, 0, 1, 0, 0, '', '', 0, 0, 1),
(2, 1, 'Admin', 'Personal User', 0, 1, 5, 0, 0, 1, 'M', 0, 0, '0', 0, 0, '0', 1, 0, 0, 1, 0, 0, '', '', 0, 0, 1);

--
-- Dumping data for table `phpbb_guestbook_config`
--

INSERT INTO `phpbb_guestbook_config` (`config_name`, `config_value`) VALUES
('version', '2.2.0'),
('enable_guestbook', '0'),
('maxlenght_posts', '500'),
('hide_posts', '0'),
('smilies_column', '6'),
('smilies_row', '3'),
('no_only_smilies', '1'),
('no_only_quote', '1'),
('word_wrap', '1'),
('contatore', '0'),
('word_wrap_length', '32'),
('session_posting', '60'),
('password', '12345'),
('permit_mod', '0');

--
-- Dumping data for table `phpbb_helpdesk_emails`
--

INSERT INTO `phpbb_helpdesk_emails` (`e_id`, `e_addr`) VALUES
(1, 'email@yourdomain.com'),
(2, 'owner_email@yourdomain.com');

--
-- Dumping data for table `phpbb_helpdesk_importance`
--

INSERT INTO `phpbb_helpdesk_importance` (`value`, `data`) VALUES
(1, 'Not Important'),
(2, 'Urgent');

--
-- Dumping data for table `phpbb_helpdesk_msgs`
--

INSERT INTO `phpbb_helpdesk_msgs` (`e_id`, `e_msg`) VALUES
(1, 'Forum Issues'),
(2, 'E-mail Board Owner');

--
-- Dumping data for table `phpbb_helpdesk_reply`
--

INSERT INTO `phpbb_helpdesk_reply` (`value`, `data`) VALUES
(1, 'None'),
(2, 'E-mail Me'),
(3, 'Skype Me'),
(4, 'Private message'),
(5, 'Yahoo Messenger'),
(6, 'MSN Messenger'),
(7, 'AOL Messenger'),
(8, 'ICQ Message'),
(9, 'Xfire Messenger');

--
-- Dumping data for table `phpbb_im_config`
--

INSERT INTO `phpbb_im_config` (`config_name`, `config_value`) VALUES
('refresh_rate', '60'),
('flood_interval', '15'),
('success_close', '1'),
('refresh_method', '2'),
('auto_launch', '0'),
('popup_ims', '1'),
('list_ims', '0'),
('mode1_height', '400'),
('mode1_width', '230'),
('mode2_height', '250'),
('mode2_width', '400'),
('read_height', '300'),
('read_width', '400'),
('send_height', '365'),
('send_width', '460'),
('list_all_online', '1'),
('show_controls', '1'),
('allow_ims', '0'),
('allow_shout', '1'),
('allow_chat', '1'),
('override_users', '0'),
('enable_flood', '1'),
('box_limit', '25'),
('refresh_drop', '1'),
('play_sound', '1'),
('sound_name', ''),
('default_sound', '0'),
('themes_allow', '1'),
('themes_id', '1'),
('allow_network', '0'),
('session_length', '120'),
('enable_im_limit', '1'),
('auto_delete', '0'),
('open_pms', '0'),
('network_user_list', '1'),
('default_mode', '1'),
('mode3_height', '100'),
('mode3_width', '400'),
('prefs_height', '350'),
('prefs_width', '500'),
('use_frames', '1'),
('network_profile', 'profile'),
('allow_mode_switch', '1'),
('version', '0.7.1');

--
-- Dumping data for table `phpbb_im_prefs`
--

INSERT INTO `phpbb_im_prefs` (`user_id`, `user_allow_ims`, `user_allow_shout`, `user_allow_chat`, `user_allow_network`, `admin_allow_ims`, `admin_allow_shout`, `admin_allow_chat`, `admin_allow_network`, `new_ims`, `unread_ims`, `read_ims`, `total_sent`, `attach_sig`, `refresh_rate`, `success_close`, `refresh_method`, `auto_launch`, `popup_ims`, `list_ims`, `show_controls`, `list_all_online`, `default_mode`, `current_mode`, `mode1_height`, `mode1_width`, `mode2_height`, `mode2_width`, `mode3_height`, `mode3_width`, `prefs_width`, `prefs_height`, `read_height`, `read_width`, `send_height`, `send_width`, `play_sound`, `default_sound`, `sound_name`, `themes_id`, `network_user_list`, `open_pms`, `auto_delete`, `use_frames`, `user_override`) VALUES
(0, 1, 1, 1, 1, 1, 1, 1, 1, 0, 0, 0, 0, 0, 60, 1, 2, 1, 1, 0, 1, 1, 1, 1, '400', '225', '230', '400', '100', '400', '500', '350', '300', '400', '365', '460', 1, 1, NULL, 1, 1, 0, 0, 1, 0),
(2, 1, 1, 1, 1, 1, 1, 1, 1, 0, 0, 0, 0, 0, 60, 1, 2, 1, 1, 0, 1, 1, 1, 1, '400', '225', '230', '400', '100', '400', '500', '350', '300', '400', '365', '460', 1, 1, NULL, 1, 1, 0, 0, 1, 0);

--
-- Dumping data for table `phpbb_ina_data`
--

INSERT INTO `phpbb_ina_data` (`version`) VALUES
('v2.0.0');

--
-- Dumping data for table `phpbb_inline_ads`
--

INSERT INTO `phpbb_inline_ads` (`ad_id`, `ad_code`, `ad_name`) VALUES
(1, 'Your banner code goes here', 'Default');

--
-- Dumping data for table `phpbb_kb_articles`
--

INSERT INTO `phpbb_kb_articles` (`article_id`, `article_category_id`, `article_title`, `article_description`, `article_date`, `article_author_id`, `username`, `bbcode_uid`, `article_body`, `article_type`, `approved`, `topic_id`, `views`) VALUES
(1, 1, 'Test Article', 'This is an example article in your KB', '', 2, '', '93074f48a9', 'This is an example article in your Knowledge Base installation. You may delete this article, this type even this category if you like since everything seems to be working! Please enjoy the new Knowledge Base features!', 1, 1, 1, 0);

--
-- Dumping data for table `phpbb_kb_categories`
--

INSERT INTO `phpbb_kb_categories` (`category_id`, `category_name`, `category_details`, `number_articles`, `parent`, `cat_order`) VALUES
(1, 'Test Category 1', 'This is just a test category', 1, 0, 10);

--
-- Dumping data for table `phpbb_kb_types`
--

INSERT INTO `phpbb_kb_types` (`id`, `type`) VALUES
(1, 'Test Type 1');

--
-- Dumping data for table `phpbb_lexicon`
--

INSERT INTO `phpbb_lexicon` (`id`, `keyword`, `explanation`, `bbcode_uid`, `cat`) VALUES
(1, '1st example', 'This is a test entry to example the character-navigation.\r\nBy default the numbers do not shown. They will only display if an entry exists.', '5d424e3a4a', 1),
(2, 'Testentry', 'This is just another example of a lexicon entry.', '', 1);

--
-- Dumping data for table `phpbb_lexicon_cat`
--

INSERT INTO `phpbb_lexicon_cat` (`cat_id`, `cat_titel`) VALUES
(1, 'default');

--
-- Dumping data for table `phpbb_links`
--

INSERT INTO `phpbb_links` (`link_id`, `link_name`, `link_longdesc`, `link_catid`, `link_url`, `link_logo_src`, `link_time`, `link_approved`, `link_hits`, `user_id`, `poster_ip`, `last_user_ip`, `post_username`, `link_pin`) VALUES
(1, 'Fully Modded phpBB Official Website', 'Official Fully Modded Website', 4, 'http://phpbb-fm.com', 'images/links/phpbbfmcom.gif', 0, 1, 0, 2, '', '', NULL, 0),
(2, 'phpBB Official Website', 'Official phpBB Website', 4, 'http://phpbb.com', 'images/links/phpbbcom.gif', 0, 1, 0, 2, '', '', NULL, 0);

--
-- Dumping data for table `phpbb_link_categories`
--

INSERT INTO `phpbb_link_categories` (`cat_id`, `cat_name`, `cat_order`, `cat_parent`, `parents_data`, `cat_links`) VALUES
(1, 'Arts', 1, 0, '', -1),
(2, 'Business', 2, 0, '', -1),
(3, 'Children and Teens', 3, 0, '', -1),
(4, 'Computers', 4, 0, '', 2),
(5, 'Games', 5, 0, '', -1),
(6, 'Health', 6, 0, '', -1),
(7, 'Home', 7, 0, '', -1),
(8, 'Music', 8, 0, '', -1),
(9, 'News', 9, 0, '', -1),
(10, 'Recreation', 10, 0, '', -1),
(11, 'Reference', 11, 0, '', -1),
(12, 'Science', 12, 0, '', -1),
(13, 'Shopping', 13, 0, '', -1),
(14, 'Society', 14, 0, '', -1),
(15, 'Sports', 15, 0, '', -1),
(16, 'Travel', 16, 0, '', -1);

--
-- Dumping data for table `phpbb_link_config`
--

INSERT INTO `phpbb_link_config` (`config_name`, `config_value`) VALUES
('site_logo', 'images/links/yourlogo.gif'),
('site_url', 'http://yourdomain.com'),
('width', '88'),
('height', '31'),
('settings_link_page', '10'),
('display_interval', '6000'),
('display_logo_num', '2'),
('display_links_logo', '1'),
('email_notify', '1'),
('pm_notify', '0'),
('lock_submit_site', '0'),
('allow_no_logo', '0'),
('cat_col', '3'),
('sort_method', 'link_time'),
('sort_order', 'DESC'),
('allow_guest_submit_site', '0'),
('split_links', '0'),
('allow_vote', '1'),
('linkdb_versions', '0.0.9'),
('allow_edit_link', '1'),
('allow_delete_link', '0'),
('allow_comment', '1'),
('max_comment_chars', '5000'),
('need_validation', '1'),
('url_validation', '1'),
('url_validation_setting', 's?:H?:S?:E-:F-:u?:P?:a+:I?:p?:f?:q?:r?');

--
-- Dumping data for table `phpbb_medal_cat`
--

INSERT INTO `phpbb_medal_cat` (`cat_id`, `cat_title`, `cat_order`) VALUES
(1, 'Default', 10);

--
-- Dumping data for table `phpbb_meeting_config`
--

INSERT INTO `phpbb_meeting_config` (`config_name`, `config_value`) VALUES
('allow_user_enter_meeting', '0'),
('allow_user_edit_meeting', '0'),
('allow_user_delete_meeting', '0'),
('allow_user_delete_meeting_comments', '0'),
('create_meeting', '1'),
('meeting_notify', '1');

--
-- Dumping data for table `phpbb_optimize_db`
--

INSERT INTO `phpbb_optimize_db` (`cron_enable`, `cron_every`, `cron_next`, `cron_count`, `show_tables`, `empty_tables`) VALUES
('0', 86400, 0, 0, '', 0);

--
-- Dumping data for table `phpbb_pages`
--

INSERT INTO `phpbb_pages` (`page_id`, `page_name`, `page_parm_name`, `page_parm_value`, `page_key`, `member_views`, `guest_views`, `disable_page`, `auth_level`, `min_post_count`, `max_post_count`, `group_list`, `disabled_message`) VALUES
(1, 'activity.php', '', '', 'activity.php', 0, 0, 0, 0, 0, 0, '', ''),
(2, 'album.php', '', '', 'album.php', 0, 0, 0, 0, 0, 0, '', ''),
(3, 'attachments.php', '', '', 'attachments.php', 0, 0, 0, 0, 0, 0, '', ''),
(4, 'auctions.php', '', '', 'auctions.php', 0, 0, 0, 0, 0, 0, '', ''),
(5, 'avatarsuite_listavatars.php', '', '', 'avatarsuite_listavatars.php', 0, 0, 0, 0, 0, 0, '', ''),
(6, 'avatarsuite_toplist.php', '', '', 'avatarsuite_toplist.php', 0, 0, 0, 0, 0, 0, '', ''),
(7, 'avatarsuite_vote.php', '', '', 'avatarsuite_vote.php', 0, 0, 0, 0, 0, 0, '', ''),
(8, 'bank.php', '', '', 'bank.php', 0, 0, 0, 0, 0, 0, '', ''),
(9, 'banlist.php', '', '', 'banlist.php', 0, 0, 0, 0, 0, 0, '', ''),
(10, 'bookies.php', '', '', 'bookies.php', 0, 0, 0, 0, 0, 0, '', ''),
(11, 'bookie_allstats.php', '', '', 'bookie_allstats.php', 0, 0, 0, 0, 0, 0, '', ''),
(12, 'calendar.php', '', '', 'calendar.php', 0, 0, 0, 0, 0, 0, '', ''),
(13, 'charts.php', '', '', 'charts.php', 0, 0, 0, 0, 0, 0, '', ''),
(14, 'chatroom.php', '', '', 'chatroom.php', 0, 0, 0, 0, 0, 0, '', ''),
(15, 'digests.php', '', '', 'digests.php', 0, 0, 0, 0, 0, 0, '', ''),
(16, 'dload.php', '', '', 'dload.php', 0, 0, 0, 0, 0, 0, '', ''),
(17, 'donate.php', '', '', 'donate.php', 0, 0, 0, 0, 0, 0, '', ''),
(18, 'faq.php', '', '', 'faq.php', 0, 0, 0, 0, 0, 0, '', ''),
(19, 'getdaily.php', '', '', 'getdaily.php', 0, 0, 0, 0, 0, 0, '', ''),
(20, 'groupcp.php', '', '', 'groupcp.php', 0, 0, 0, 0, 0, 0, '', ''),
(21, 'groupmsg.php', '', '', 'groupmsg.php', 0, 0, 0, 0, 0, 0, '', ''),
(22, 'helpdesk.php', '', '', 'helpdesk.php', 0, 0, 0, 0, 0, 0, '', ''),
(23, 'index.php', '', '', 'index.php', 0, 0, 0, 0, 0, 0, '', ''),
(24, 'index_all.php', '', '', 'index_all.php', 0, 0, 0, 0, 0, 0, '', ''),
(25, 'imclient.php', '', '', 'imclient.php', 0, 0, 0, 0, 0, 0, '', ''),
(26, 'imlist.php', '', '', 'imlist.php', 0, 0, 0, 0, 0, 0, '', ''),
(27, 'jobs.php', '', '', 'jobs.php', 0, 0, 0, 0, 0, 0, '', ''),
(28, 'kb.php', '', '', 'kb.php', 0, 0, 0, 0, 0, 0, '', ''),
(29, 'kb_search.php', '', '', 'kb_search.php', 0, 0, 0, 0, 0, 0, '', ''),
(30, 'lexicon.php', '', '', 'lexicon.php', 0, 0, 0, 0, 0, 0, '', ''),
(31, 'linkdb.php', '', '', 'linkdb.php', 0, 0, 0, 0, 0, 0, '', ''),
(32, 'lottery.php', '', '', 'lottery.php', 0, 0, 0, 0, 0, 0, '', ''),
(33, 'medals.php', '', '', 'medals.php', 0, 0, 0, 0, 0, 0, '', ''),
(34, 'meeting.php', '', '', 'meeting.php', 0, 0, 0, 0, 0, 0, '', ''),
(35, 'memberlist.php', '', '', 'memberlist.php', 0, 0, 0, 0, 0, 0, '', ''),
(36, 'portal.php', '', '', 'portal.php', 0, 0, 0, 0, 0, 0, '', ''),
(37, 'polls.php', '', '', 'polls.php', 0, 0, 0, 0, 0, 0, '', ''),
(38, 'privmsg.php', '', '', 'privmsg.php', 0, 1, 0, 0, 0, 0, '', ''),
(39, 'privmsg_export.php', '', '', 'privmsg_export.php', 0, 0, 0, 0, 0, 0, '', ''),
(40, 'profile.php', 'mode', 'viewprofile', 'profile.php?mode=viewprofile', 0, 0, 0, 0, 0, 0, '', ''),
(41, 'profile.php', 'mode', 'email', 'profile.php?mode=email', 0, 0, 0, 0, 0, 0, '', ''),
(42, 'profile_attachments.php', '', '', 'profile_attachments.php', 0, 0, 0, 0, 0, 0, '', ''),
(43, 'profile_biorhythm.php', '', '', 'profile_biorhythm.php', 0, 0, 0, 0, 0, 0, '', ''),
(44, 'profile_donations.php', '', '', 'profile_donations.php', 0, 0, 0, 0, 0, 0, '', ''),
(45, 'profile_myinfo.php', '', '', 'profile_myinfo.php', 0, 0, 0, 0, 0, 0, '', ''),
(46, 'profile_mypoints.php', '', '', 'profile_mypoints.php', 0, 0, 0, 0, 0, 0, '', ''),
(47, 'profile_mypoints_from.php', '', '', 'profile_mypoints_from.php', 0, 0, 0, 0, 0, 0, '', ''),
(48, 'profile_mypoints_to.php', '', '', 'profile_mypoints_to.php', 0, 0, 0, 0, 0, 0, '', ''),
(49, 'profile_notes.php', '', '', 'profile_notes.php', 0, 0, 0, 0, 0, 0, '', ''),
(50, 'profile_sig_editor.php', '', '', 'profile_sig_editor.php', 0, 0, 0, 0, 0, 0, '', ''),
(51, 'profile_subscriptions.php', '', '', 'profile_subscriptions.php', 0, 0, 0, 0, 0, 0, '', ''),
(52, 'profile_topics.php', '', '', 'profile_topics.php', 0, 0, 0, 0, 0, 0, '', ''),
(53, 'profile_topics_watched.php', '', '', 'profile_topics_watched.php', 0, 0, 0, 0, 0, 0, '', ''),
(54, 'profile_views.php', '', '', 'profile_views.php', 0, 0, 0, 0, 0, 0, '', ''),
(55, 'ratings.php', '', '', 'ratings.php', 0, 0, 0, 0, 0, 0, '', ''),
(56, 'rss.php', '', '', 'rss.php', 0, 0, 0, 0, 0, 0, '', ''),
(57, 'search.php', '', '', 'search.php', 0, 0, 0, 0, 0, 0, '', ''),
(58, 'shop.php', '', '', 'shop.php', 0, 0, 0, 0, 0, 0, '', ''),
(59, 'shop_transactions.php', '', '', 'shop_transactions.php', 0, 0, 0, 0, 0, 0, '', ''),
(60, 'shop_users.php', '', '', 'shop_users.php', 0, 0, 0, 0, 0, 0, '', ''),
(61, 'shoutbox.php', '', '', 'shoutbox.php', 0, 0, 0, 0, 0, 0, '', ''),
(62, 'shoutbox_max.php', '', '', 'shoutbox_max.php', 0, 0, 0, 0, 0, 0, '', ''),
(63, 'sitemap.php', '', '', 'sitemap.php', 0, 0, 0, 0, 0, 0, '', ''),
(64, 'smilies.php', '', '', 'smilies.php', 0, 0, 0, 0, 0, 0, '', ''),
(65, 'staff.php', '', '', 'staff.php', 0, 0, 0, 0, 0, 0, '', ''),
(66, 'statistics.php', '', '', 'statistics.php', 0, 0, 0, 0, 0, 0, '', ''),
(67, 'tellafriend.php', '', '', 'tellafriend.php', 0, 0, 0, 0, 0, 0, '', ''),
(68, 'thread_kicker.php', '', '', 'thread_kicker.php', 0, 0, 0, 0, 0, 0, '', ''),
(69, 'transactions.php', '', '', 'transactions.php', 0, 0, 0, 0, 0, 0, '', ''),
(70, 'top_referrals.php', '', '', 'top_referrals.php', 0, 0, 0, 0, 0, 0, '', ''),
(71, 'topic_view_users.php', '', '', 'topic_view_users.php', 0, 0, 0, 0, 0, 0, '', ''),
(72, 'toplist.php', '', '', 'toplist.php', 0, 0, 0, 0, 0, 0, '', ''),
(73, 'tour.php', '', '', 'tour.php', 0, 0, 0, 0, 0, 0, '', ''),
(74, 'viewtopic_posted.php', '', '', 'viewtopic_posted.php', 0, 0, 0, 0, 0, 0, '', ''),
(75, 'viewforum.php', '', '', 'viewforum.php', 0, 0, 0, 0, 0, 0, '', ''),
(76, 'viewonline.php', '', '', 'viewonline.php', 0, 0, 0, 0, 0, 0, '', ''),
(77, 'viewpost.php', '', '', 'viewpost.php', 0, 0, 0, 0, 0, 0, '', ''),
(78, 'viewtopic.php', '', '', 'viewtopic.php', 0, 4, 0, 0, 0, 0, '', ''),
(79, 'viewtopic_print.php', '', '', 'viewtopic_print.php', 0, 0, 0, 0, 0, 0, '', ''),
(80, 'viewtopic_viewed.php', '', '', 'viewtopic_viewed.php', 0, 0, 0, 0, 0, 0, '', '');

--
-- Dumping data for table `phpbb_pa_config`
--

INSERT INTO `phpbb_pa_config` (`config_name`, `config_value`) VALUES
('allow_comment_images', '0'),
('no_comment_image_message', '[No image please]'),
('allow_smilies', '1'),
('allow_comment_links', '0'),
('no_comment_link_message', '[No links please]'),
('settings_disable', '0'),
('allow_html', '1'),
('allow_bbcode', '1'),
('settings_topnumber', '10'),
('settings_newdays', '1'),
('settings_stats', ''),
('settings_viewall', '1'),
('settings_dbname', 'Download Database'),
('settings_dbdescription', ''),
('max_comment_chars', '5000'),
('tpl_php', '0'),
('settings_file_page', '20'),
('hotlink_prevent', '0'),
('hotlink_allowed', ''),
('sort_method', 'file_time'),
('sort_order', 'DESC'),
('auth_search', '0'),
('auth_stats', '5000'),
('auth_toplist', '0'),
('auth_viewall', '20'),
('max_file_size', '262144'),
('upload_dir', 'uploads/pafiledb/'),
('screenshots_dir', 'uploads/pafiledb/screenshots/'),
('forbidden_extensions', 'php, php3, php4, phtml, pl, asp, aspx, cgi'),
('need_validation', '0'),
('validator', 'validator_admin'),
('pm_notify', '0');

--
-- Dumping data for table `phpbb_pjirc`
--

INSERT INTO `phpbb_pjirc` (`pjirc_name`, `pjirc_value`) VALUES
('irc_mod_version', '3.0.2'),
('irc_status', '0'),
('irc_server', 'irc.blitzed.org'),
('irc_port', '6667'),
('irc_channel', '#Midnightz'),
('irc_language', 'english'),
('irc_template', 'subSilver'),
('irc_popup_onoff', '0'),
('irc_allow_guests', '0'),
('irc_guestname', 'guest'),
('irc_auth_joinlist', ''),
('irc_show_connect', '1'),
('irc_show_chanlist', '1'),
('irc_show_about', '0'),
('irc_show_help', '1'),
('irc_show_close', '1'),
('irc_show_status', '1'),
('irc_show_dock', '0'),
('irc_show_nickfield', '1'),
('irc_time_stamp', '1'),
('irc_topicscroller', '10'),
('irc_quit', 'PJIRC Chat User'),
('irc_smilies', '1'),
('irc_smilies_enter', '1'),
('irc_smilies_count', '20'),
('irc_smilies_lines', '20'),
('irc_sound_beep', 'boing.au'),
('irc_enter_timer', '45500'),
('irc_sound_profile', 'boingggg.au'),
('irc_sound_im', 'cork.au'),
('irc_sound_query', 'knocking.au'),
('irc_sound_ignore', 'clunk.au'),
('irc_sound_unignore', 'chirp.au'),
('irc_sound_away', 'tone.au'),
('irc_sound_back', 'cashregister.au'),
('irc_sound_clear', 'wipe.au'),
('irc_sound_whois', 'drip.au'),
('irc_sound_help', 'lasertrill.au'),
('irc_sound1', 'cashregister.au'),
('irc_soundwords1', 'word1 word2 word3 word4 word5'),
('irc_sound2', 'tone.au'),
('irc_soundwords2', 'word1 word2 word3 word4 word5'),
('irc_bot_overall', '1'),
('irc_bot_switch1', '1'),
('irc_bot_timer', '46000'),
('irc_bot_switch2', '1'),
('irc_channel2_on', '0'),
('irc_channel3_on', '0'),
('irc_channel2', ''),
('irc_channel3', ''),
('irc_multiserver', '0'),
('irc_multiserver_server', 'irc.freenode.net'),
('irc_multiserver_port', '6667'),
('irc_multiserver_delay', '60000'),
('irc_use_info', '0'),
('irc_style_selector', '1'),
('irc_style_selector_definition', ''),
('irc_font_style', '1'),
('irc_font_style_definition', ''),
('irc_style_nick_left', ''),
('irc_style_nick_right', ''),
('irc_show_highlight', '1'),
('irc_highlightcolor', '4'),
('irc_highlightwords', 'word1 word2 word3'),
('irc_background_which', '1'),
('irc_background_file', '');

--
-- Dumping data for table `phpbb_portal`
--

INSERT INTO `phpbb_portal` (`portal_id`, `portal_order`, `portal_use_url`, `portal_iframe_height`, `portal_use_iframe`, `portal_forum`, `portal_url`, `portal_list_limit`, `portal_char_limit`, `portal_ascending`, `portal_nodate`, `portal_navbar_name`, `portal_newsfader`, `portal_column_width`, `portal_navbar`, `portal_moreover`, `portal_calendar`, `portal_online`, `portal_onlinetoday`, `portal_latest`, `portal_latest_exclude_forums`, `portal_latest_amt`, `portal_latest_scrolling`, `portal_poll`, `portal_polls`, `portal_photo`, `portal_birthday`, `portal_search`, `portal_quote`, `portal_links`, `portal_links_height`, `portal_ourlink`, `portal_downloads`, `portal_randomuser`, `portal_mostpoints`, `portal_topposters`, `portal_newusers`, `portal_games`, `portal_clock`, `portal_karma`, `portal_horoscopes`, `portal_wallpaper`, `portal_donors`, `portal_referrers`, `portal_shoutbox`) VALUES
(1, 1, 0, '600', 0, 1, '', 3, 0, 0, 0, 'Portal Page', 0, '200', 1, 0, 0, 0, 0, 0, '', '5', 0, 0, '', 0, 999999, 0, 0, 0, '100', 0, 0, 0, 0, 0, 0, 0, 0, 0, 0, 0, 0, 0, 0);

--
-- Dumping data for table `phpbb_posts`
--

INSERT INTO `phpbb_posts` (`post_id`, `topic_id`, `forum_id`, `poster_id`, `post_time`, `poster_ip`, `post_username`, `enable_bbcode`, `enable_html`, `enable_smilies`, `enable_sig`, `post_edit_time`, `post_edit_count`, `post_attachment`, `post_edit_user`, `post_icon`, `post_bluecard`, `rating_rank_id`, `user_avatar`, `user_avatar_type`, `urgent_post`) VALUES
(1, 1, 1, 2, 972086460, '7F000001', NULL, 1, 0, 1, 1, NULL, 0, 0, NULL, 0, NULL, 0, '', 0, 0);

--
-- Dumping data for table `phpbb_posts_text`
--

INSERT INTO `phpbb_posts_text` (`post_id`, `bbcode_uid`, `post_subject`, `post_text`) VALUES
(1, '', NULL, 'This is an example post in your Fully Modded phpBB 2 installation. You may delete this post, even this topic if you like since everything seems to be working! Please enjoy the new Fully Modded features!');

--
-- Dumping data for table `phpbb_quota_limits`
--

INSERT INTO `phpbb_quota_limits` (`quota_limit_id`, `quota_desc`, `quota_limit`) VALUES
(1, 'Low', 262144),
(2, 'Medium', 2097152),
(3, 'High', 5242880);

--
-- Dumping data for table `phpbb_ranks`
--

INSERT INTO `phpbb_ranks` (`rank_id`, `rank_title`, `rank_min`, `rank_special`, `rank_image`, `rank_group`) VALUES
(1, 'Site Admin', -1, 1, NULL, 0);

--
-- Dumping data for table `phpbb_rating_config`
--

INSERT INTO `phpbb_rating_config` (`label`, `num_value`, `text_value`, `config_id`, `input_type`, `list_order`) VALUES
('Rating system active', 0, NULL, 1, 3, 100),
('Weighting method', 1, NULL, 3, 3, 300),
('Users can change ratings', 1, NULL, 4, 3, 400),
('Max daily ratings (0=unlimited)', 10, NULL, 5, 2, 500),
('Show who rated', 1, NULL, 6, 3, 600),
('Allow users to hide name', 1, NULL, 7, 3, 700),
('Rate first post only', 0, NULL, 2, 3, 200),
('Overall ranking method: posts', 1, NULL, 8, 3, 800),
('Overall ranking method: topics', 1, NULL, 9, 3, 900),
('Overall ranking method: users', 1, NULL, 10, 3, 1000),
('Max daily ratings per user', 1, NULL, 13, 2, 550),
('Open in new window', 1, NULL, 14, 3, 1400),
('Min. post count', 5, NULL, 15, 2, 240),
('Min. days registered', 7, NULL, 16, 2, 250),
('Bias system active', 1, NULL, 11, 3, 1100),
('Show bias usernames?', 1, NULL, 17, 3, 1150),
('Show dropdown in viewtopic?', 0, NULL, 18, 3, 1800),
('Show dropdown in viewforum?', 0, NULL, 19, 3, 1900);

--
-- Dumping data for table `phpbb_rating_option`
--

INSERT INTO `phpbb_rating_option` (`option_id`, `points`, `label`, `weighting`, `user_type`) VALUES
(1, 2, 'Highly recommended', 5, 1),
(2, 1, 'Recommended', 0, 1),
(3, 5, 'Moderator-recommended', 0, 3);

--
-- Dumping data for table `phpbb_rating_rank`
--

INSERT INTO `phpbb_rating_rank` (`rating_rank_id`, `type`, `average_threshold`, `sum_threshold`, `label`, `icon`, `user_rank`) VALUES
(2, 5, 2, 5, 'Worth a look', '2star_green.gif', 0),
(3, 5, 4, 20, 'Impressive', '4star_green.gif', 0),
(6, 5, 1, 1, 'Acknowledged', '1star_green.gif', 0),
(7, 5, 3, 10, 'Quality', '3star_green.gif', 0),
(8, 5, 5, 40, 'Inspired', '5star_green.gif', 0),
(11, 4, 1, 2, 'Acknowledged', '1star_cyan.gif', 0),
(12, 4, 2, 10, 'Worth a look', '2star_cyan.gif', 0),
(13, 4, 3, 20, 'Quality', '3star_cyan.gif', 0),
(14, 4, 4, 40, 'Impressive', '4star_cyan.gif', 0),
(15, 4, 5, 80, 'Inspired', '5star_cyan.gif', 0);

--
-- Dumping data for table `phpbb_referral`
--

INSERT INTO `phpbb_referral` (`referral_id`, `ruid`, `nuid`, `referral_time`) VALUES
(1, '2', '2', '1047215234');

--
-- Dumping data for table `phpbb_search_wordlist`
--

INSERT INTO `phpbb_search_wordlist` (`word_text`, `word_id`, `word_common`) VALUES
('example', 1, 0),
('post', 2, 0),
('phpbbfm', 3, 0),
('installation', 4, 0),
('delete', 5, 0),
('topic', 6, 0),
('forum', 7, 0),
('since', 8, 0),
('everything', 9, 0),
('seems', 10, 0),
('working', 11, 0),
('welcome', 12, 0);

--
-- Dumping data for table `phpbb_search_wordmatch`
--

INSERT INTO `phpbb_search_wordmatch` (`post_id`, `word_id`, `title_match`) VALUES
(1, 1, 0),
(1, 2, 0),
(1, 3, 0),
(1, 4, 0),
(1, 5, 0),
(1, 6, 0),
(1, 7, 0),
(1, 8, 0),
(1, 9, 0),
(1, 10, 0),
(1, 11, 0),
(1, 12, 1),
(1, 3, 1);

--
-- Dumping data for table `phpbb_sessions`
--

INSERT INTO `phpbb_sessions` (`session_id`, `session_user_id`, `session_start`, `session_time`, `session_ip`, `session_page`, `session_topic`, `session_logged_in`, `session_admin`, `is_robot`) VALUES
('277c36aaf89d2583afb4f6ad9288de2d', -1, 1667591440, 1667591440, '', 0, 0, 0, 0, '0'),
('b9387468f4d8e8b42816743590646553', -1, 1667598000, 1667598166, '2fced8c4', 1, 1, 0, 0, '0');

--
-- Dumping data for table `phpbb_smilies`
--

INSERT INTO `phpbb_smilies` (`smilies_id`, `cat_id`, `code`, `smile_url`, `emoticon`, `smilies_order`) VALUES
(1, 1, ':D', 'icon_biggrin.gif', 'Very Happy', 1),
(2, 1, ':-D', 'icon_biggrin.gif', 'Very Happy', 2),
(3, 1, ':grin:', 'icon_biggrin.gif', 'Very Happy', 3),
(4, 1, ':)', 'icon_smile.gif', 'Smile', 4),
(5, 1, ':-)', 'icon_smile.gif', 'Smile', 5),
(6, 1, ':smile:', 'icon_smile.gif', 'Smile', 6),
(7, 1, ':(', 'icon_sad.gif', 'Sad', 7),
(8, 1, ':-(', 'icon_sad.gif', 'Sad', 8),
(9, 1, ':sad:', 'icon_sad.gif', 'Sad', 9),
(10, 1, ':o', 'icon_surprised.gif', 'Surprised', 10),
(11, 1, ':-o', 'icon_surprised.gif', 'Surprised', 11),
(12, 1, ':eek:', 'icon_surprised.gif', 'Surprised', 12),
(13, 1, ':shock:', 'icon_eek.gif', 'Shocked', 13),
(14, 1, ':?', 'icon_confused.gif', 'Confused', 14),
(15, 1, ':-?', 'icon_confused.gif', 'Confused', 15),
(16, 1, ':???:', 'icon_confused.gif', 'Confused', 16),
(17, 1, '8-)', 'icon_cool.gif', 'Cool', 17),
(18, 1, ':cool:', 'icon_cool.gif', 'Cool', 18),
(19, 1, ':lol:', 'icon_lol.gif', 'Laughing', 19),
(20, 1, ':x', 'icon_mad.gif', 'Mad', 20),
(21, 1, ':-x', 'icon_mad.gif', 'Mad', 21),
(22, 1, ':mad:', 'icon_mad.gif', 'Mad', 22),
(23, 1, ':P', 'icon_razz.gif', 'Razz', 23),
(24, 1, ':-P', 'icon_razz.gif', 'Razz', 24),
(25, 1, ':razz:', 'icon_razz.gif', 'Razz', 25),
(26, 1, ':oops:', 'icon_redface.gif', 'Embarassed', 26),
(27, 1, ':cry:', 'icon_cry.gif', 'Crying or Very sad', 27),
(28, 1, ':evil:', 'icon_evil.gif', 'Evil or Very Mad', 28),
(29, 1, ':twisted:', 'icon_twisted.gif', 'Twisted Evil', 29),
(30, 1, ':roll:', 'icon_rolleyes.gif', 'Rolling Eyes', 30),
(31, 1, ':wink:', 'icon_wink.gif', 'Wink', 31),
(32, 1, ';)', 'icon_wink.gif', 'Wink', 32),
(33, 1, ';-)', 'icon_wink.gif', 'Wink', 33),
(34, 1, ':!:', 'icon_exclaim.gif', 'Exclamation', 34),
(35, 1, ':?:', 'icon_question.gif', 'Question', 35),
(36, 1, ':idea:', 'icon_idea.gif', 'Idea', 36),
(37, 1, ':arrow:', 'icon_arrow.gif', 'Arrow', 37),
(38, 1, ':|', 'icon_neutral.gif', 'Neutral', 38),
(39, 1, ':-|', 'icon_neutral.gif', 'Neutral', 39),
(40, 1, ':neutral:', 'icon_neutral.gif', 'Neutral', 40),
(41, 1, ':mrgreen:', 'icon_mrgreen.gif', 'Mr. Green', 41);

--
-- Dumping data for table `phpbb_smilies_cat`
--

INSERT INTO `phpbb_smilies_cat` (`cat_id`, `cat_name`, `description`, `cat_order`, `cat_perms`, `cat_group`, `cat_forum`, `cat_special`, `cat_open`, `cat_icon_url`, `smilies_popup`) VALUES
(1, 'phpBB', 'The default phpBB2 Smilies', 1, 10, NULL, '1 999', -2, 1, NULL, '410|300|8|1|0|0');

--
-- Dumping data for table `phpbb_stats_smilies_info`
--

INSERT INTO `phpbb_stats_smilies_info` (`last_post_id`, `last_update_time`, `update_time`) VALUES
(0, 0, 10080),
(0, 0, 10080);

--
-- Dumping data for table `phpbb_themes`
--

INSERT INTO `phpbb_themes` (`themes_id`, `template_name`, `theme_public`, `theme_header`, `theme_footer`, `style_name`, `style_version`, `image_cfg`, `head_stylesheet`, `body_background`, `body_bgcolor`, `body_text`, `body_link`, `body_vlink`, `body_alink`, `body_hlink`, `tr_color1`, `tr_color2`, `tr_color3`, `tr_class1`, `tr_class2`, `tr_class3`, `th_color1`, `th_color2`, `th_color3`, `th_class1`, `th_class2`, `th_class3`, `td_color1`, `td_color2`, `td_color3`, `td_class1`, `td_class2`, `td_class3`, `fontface1`, `fontface2`, `fontface3`, `fontsize1`, `fontsize2`, `fontsize3`, `fontcolor1`, `fontcolor2`, `fontcolor3`, `fontcolor4`, `span_class1`, `span_class2`, `span_class3`, `img_size_poll`, `img_size_privmsg`, `hr_color1`, `hr_color2`, `hr_color3`, `hr_color4`, `hr_color5`, `hr_color6`, `hr_color7`, `hr_color8`, `hr_color9`, `jb_color1`, `jb_color2`, `jb_color3`, `adminfontcolor`, `adminbold`, `supermodfontcolor`, `supermodbold`, `modfontcolor`, `modbold`, `playersfontcolor`, `botfontcolor`) VALUES
(1, 'subSilver', 1, 0, 0, 'subSilver', NULL, '', 'subSilver.css', 'background: url(templates/subSilver/images/background.gif) repeat-x;', 'FFFFFF', '323D4F', '006699', '5493B4', '', 'DD6900', 'F0F0F0', 'E0E4E8', 'D0D0D8', '', '', '', '98AAB1', '006699', 'FFFFFF', 'cellpic1.gif', 'cellpic3.gif', 'cellpic2.jpg', 'FAFAFA', 'FFFFFF', '', 'row1', 'row2', '', 'Verdana, Helvetica, Arial, sans-serif', 'Trebuchet MS', 'Courier, \'Courier New\', sans-serif', 10, 11, 12, '444444', '006600', 'FFA34F', 'FFA34F', NULL, NULL, NULL, NULL, NULL, 'E8F3FC', 'D5E8F9', 'B7D9F6', 'FCECE8', 'F9DDD5', 'FACCBF', 'E9FAEA', 'D5F9D6', 'B2EEB4', '006EBB', 'FF6428', '329600', 'FFA34F', 1, '737353', 1, '006600', 1, '0099CC', '9E8DA7');

--
-- Dumping data for table `phpbb_topics`
--

INSERT INTO `phpbb_topics` (`topic_id`, `forum_id`, `topic_title`, `topic_poster`, `topic_time`, `topic_views`, `topic_replies`, `topic_status`, `topic_vote`, `topic_type`, `topic_first_post_id`, `topic_last_post_id`, `answer_status`, `topic_moved_id`, `topic_attachment`, `topic_icon`, `rating_rank_id`, `title_compl_infos`, `title_compl_color`, `title_pos`, `topic_priority`, `topic_password`) VALUES
(1, 1, 'Welcome to Fully Modded phpBB 2', 2, 972086460, 4, 0, 0, 0, 0, 1, 1, 0, 0, 0, 0, 0, NULL, '', 0, 0, '');

--
-- Dumping data for table `phpbb_users`
--

INSERT INTO `phpbb_users` (`user_id`, `user_active`, `username`, `user_password`, `user_session_time`, `user_session_page`, `user_session_topic`, `user_lastvisit`, `user_regdate`, `user_level`, `user_posts`, `user_timezone`, `user_style`, `user_lang`, `user_dateformat`, `user_new_privmsg`, `user_unread_privmsg`, `user_last_privmsg`, `user_emailtime`, `user_viewemail`, `user_attachsig`, `user_allowhtml`, `user_allowbbcode`, `user_allowsmile`, `user_allowswearywords`, `user_allowavatar`, `user_allow_pm`, `user_allow_mass_pm`, `user_allow_viewonline`, `user_notify`, `user_notify_pm`, `user_notify_pm_text`, `user_notify_donation`, `user_popup_pm`, `user_sound_pm`, `user_rank`, `user_avatar`, `user_avatar_type`, `user_email`, `user_icq`, `user_website`, `user_from`, `user_from_flag`, `user_sig`, `user_sig_bbcode_uid`, `user_aim`, `user_yim`, `user_msnm`, `user_xfi`, `user_skype`, `user_occ`, `user_interests`, `user_actkey`, `user_newpasswd`, `user_lastlogon`, `user_totaltime`, `user_totallogon`, `user_totalpages`, `user_birthday`, `user_next_birthday_greeting`, `user_gender`, `user_photo`, `user_photo_type`, `user_zipcode`, `user_points`, `admin_allow_points`, `user_items`, `user_effects`, `user_privs`, `user_custitle`, `user_specmsg`, `user_trade`, `user_warnings`, `rating_status`, `avatar_sticky`, `user_profile_view`, `user_last_profile_view`, `user_profile_view_popup`, `user_view_log`, `user_votewarnings`, `user_allow_profile`, `user_clockformat`, `user_inactive_emls`, `user_inactive_last_eml`, `user_popup_notes`, `user_showsigs`, `irc_commands`, `user_showavatars`, `karma_plus`, `karma_minus`, `karma_time`, `user_realname`, `user_trophies`, `ina_cheat_fix`, `ina_game_playing`, `ina_last_visit_page`, `ina_games_today`, `ina_last_playtype`, `ina_games_played`, `user_custom_post_color`, `kick_ban`, `user_info`, `user_gtalk`, `user_stumble`, `ina_game_pass`, `ina_games_pass_day`, `ina_time_playing`, `ina_settings`, `ina_char_name`, `ina_char_age`, `ina_char_from`, `ina_char_intrests`, `ina_char_img`, `ina_char_gender`, `ina_char_ge`, `ina_char_name_effects`, `ina_char_title_effects`, `ina_char_saying_effects`, `ina_char_views`, `ina_char_title`, `ina_char_saying`, `user_login_tries`, `user_last_login_try`, `user_digest_status`, `user_actviate_date`, `user_expire_date`, `user_jobs`, `user_ftr`, `user_ftr_time`, `email_validation`, `user_topic_moved_mail`, `user_topic_moved_pm`, `user_topic_moved_pm_notify`, `daily_post_count`, `daily_post_limit`, `daily_post_period`, `user_wordwrap`, `user_allowsig`, `group_priority`, `user_lastpassword`, `user_lastpassword_time`, `user_transition`) VALUES
(-1, 0, 'Anonymous', '', 1667598166, 1, 1, 1667598000, 0, 0, 0, '0.00', 1, '', '', 0, 0, 0, NULL, 0, 0, 0, 1, 1, 0, 1, 0, 2, 1, 0, 1, 0, 0, 0, 0, NULL, '', 0, '', '', '', '', NULL, '', '', '', '', '', NULL, NULL, '', '', '', '', 1667598000, 166, 1, 9, 999999, 0, 0, NULL, 0, NULL, 0, 1, NULL, NULL, NULL, NULL, NULL, NULL, 0, 0, 0, 0, 0, 1, 0, 0, 1, 'clock001.swf', 0, 0, 0, 1, '', 1, 0, 0, 0, NULL, 0, 0, 0, '', 0, 'parent', 0, NULL, 0, NULL, NULL, NULL, 0, '0000-00-00', '', 'info-1;;daily-1;;newest-1;;newest_count-3;;games-1;;games_count-40;;online-1', '', 1, '', '', '', 1, 0, '', '', '', 0, '', '', 0, 0, 0, 0, 0, 0, 0, 0, 0, 0, 0, 0, 0, 0, 0, 80, 1, 0, NULL, NULL, 1),
(2, 1, 'Admin', '21232f297a57a5a743894a0e4a801fc3', 0, 0, 0, 0, 0, 1, 1, '0.00', 1, 'english', 'd M Y h:i a', 0, 0, 0, NULL, 1, 0, 0, 1, 1, 0, 1, 1, 2, 1, 0, 1, 0, 0, 1, 0, 1, '', 0, 'admin@yourdomain.com', '', '', '', NULL, '', '', '', '', '', NULL, NULL, '', '', '', '', 0, 0, 0, 0, 999999, 0, 0, NULL, 0, NULL, 0, 1, NULL, NULL, NULL, NULL, NULL, NULL, 0, 0, 0, 0, 0, 1, 0, 0, 1, 'clock001.swf', 0, 0, 0, 1, '', 1, 0, 0, 0, NULL, 0, 0, 0, '', 0, 'parent', 0, NULL, 0, NULL, NULL, NULL, 0, '0000-00-00', '', 'info-1;;daily-1;;newest-1;;newest_count-3;;games-1;;games_count-40;;online-1', '', 1, '', '', '', 1, 0, '', '', '', 0, '', '', 0, 0, 0, 0, 0, 0, 0, 0, 0, 0, 0, 0, 0, 0, 0, 80, 1, 0, NULL, NULL, 1);

--
-- Dumping data for table `phpbb_xdata_fields`
--

INSERT INTO `phpbb_xdata_fields` (`field_id`, `field_name`, `field_desc`, `field_type`, `field_order`, `code_name`, `field_length`, `field_values`, `field_regexp`, `default_auth`, `display_register`, `display_viewprofile`, `display_posting`, `handle_input`, `allow_html`, `allow_bbcode`, `allow_smilies`) VALUES
(1, 'ICQ Number', '', 'special', 3, 'icq', 0, '', '', 1, 2, 0, 0, 0, 0, 0, 0),
(2, 'AIM Address', '', 'special', 4, 'aim', 0, '', '', 1, 2, 0, 0, 0, 0, 0, 0),
(3, 'MSN Messenger', '', 'special', 6, 'msn', 0, '', '', 1, 2, 0, 0, 0, 0, 0, 0),
(4, 'Yahoo Messenger', '', 'special', 7, 'yim', 0, '', '', 1, 2, 0, 0, 0, 0, 0, 0),
(5, 'Website', '', 'special', 9, 'website', 0, '', '', 1, 2, 0, 0, 0, 0, 0, 0),
(6, 'Location', '', 'special', 11, 'location', 0, '', '', 1, 2, 0, 0, 0, 0, 0, 0),
(7, 'Occupation', '', 'special', 14, 'occupation', 0, '', '', 1, 2, 0, 0, 0, 0, 0, 0),
(8, 'Interests', '', 'special', 15, 'interests', 0, '', '', 1, 2, 0, 0, 0, 0, 0, 0),
(9, 'Real Name', '', 'special', 1, 'realname', 0, '', '', 1, 2, 0, 0, 0, 0, 0, 0),
(10, 'Skype Name', '', 'special', 2, 'skype', 0, '', '', 1, 2, 0, 0, 0, 0, 0, 0),
(11, 'Xfire Address', '', 'special', 5, 'xfi', 0, '', '', 1, 2, 0, 0, 0, 0, 0, 0),
(12, 'Google Talk', '', 'special', 8, 'gtalk', 0, '', '', 1, 2, 0, 0, 0, 0, 0, 0),
(13, 'StumbleUpon Profile', '', 'special', 10, 'stumble', 0, '', '', 1, 2, 0, 0, 0, 0, 0, 0),
(14, 'Weather city code', '', 'special', 12, 'zipcode', 0, '', '', 1, 2, 0, 0, 0, 0, 0, 0),
(15, 'Country Flag', '', 'special', 13, 'flag', 0, '', '', 1, 2, 0, 0, 0, 0, 0, 0),
(16, 'Gender', '', 'special', 16, 'gender', 0, '', '', 1, 2, 0, 0, 0, 0, 0, 0),
(17, 'Birthday', '', 'special', 17, 'bday', 0, '', '', 1, 2, 0, 0, 0, 0, 0, 0);
COMMIT;

