#
# Basic DB data for phpBB2 devel
#
# $Id: mysql_basic.sql,v 1.29.2.27 2006/05/20 14:01:48 grahamje Exp $
#

# -- Demo Admin note
INSERT INTO phpbb_advance_html (config_name, config_value) VALUES ('admin_notes', 'This is just an Admin test note.');

# -- Advance HTML
INSERT INTO phpbb_advance_html (config_name, config_value) VALUES ('custom_header','');
INSERT INTO phpbb_advance_html (config_name, config_value) VALUES ('custom_body','');
INSERT INTO phpbb_advance_html (config_name, config_value) VALUES ('custom_body_header','');
INSERT INTO phpbb_advance_html (config_name, config_value) VALUES ('custom_footer','');

# -- Site Announcements
INSERT INTO phpbb_advance_html (config_name, config_value) VALUES ('announcement_status', '0');
INSERT INTO phpbb_advance_html (config_name, config_value) VALUES ('announcement_access', '0');
INSERT INTO phpbb_advance_html (config_name, config_value) VALUES ('announcement_guest_status', '0');
INSERT INTO phpbb_advance_html (config_name, config_value) VALUES ('announcement_text_draft', '');
INSERT INTO phpbb_advance_html (config_name, config_value) VALUES ('announcement_text', '');
INSERT INTO phpbb_advance_html (config_name, config_value) VALUES ('announcement_guest_text', '');

# -- Album default category
INSERT INTO phpbb_album_cat (cat_id, cat_title, cat_desc, cat_order, cat_view_level, cat_upload_level, cat_rate_level, cat_comment_level, cat_edit_level, cat_delete_level, cat_moderator_groups, cat_approval) VALUES (1, 'Test Category 1', 'This is just a test photo album', 10, -1, 0, 0, 0, 0, 1, NULL, 0);

# -- Album config
INSERT INTO phpbb_album_config (config_name, config_value) VALUES ('max_pics','1024');
INSERT INTO phpbb_album_config (config_name, config_value) VALUES ('user_pics_limit','50');
INSERT INTO phpbb_album_config (config_name, config_value) VALUES ('mod_pics_limit','250');
INSERT INTO phpbb_album_config (config_name, config_value) VALUES ('max_file_size','128000');
INSERT INTO phpbb_album_config (config_name, config_value) VALUES ('max_width','800');
INSERT INTO phpbb_album_config (config_name, config_value) VALUES ('max_height','600');
INSERT INTO phpbb_album_config (config_name, config_value) VALUES ('rows_per_page','3');
INSERT INTO phpbb_album_config (config_name, config_value) VALUES ('cols_per_page','4');
INSERT INTO phpbb_album_config (config_name, config_value) VALUES ('thumbnail_quality','100');
INSERT INTO phpbb_album_config (config_name, config_value) VALUES ('thumbnail_size','125');
INSERT INTO phpbb_album_config (config_name, config_value) VALUES ('thumbnail_cache','1');
INSERT INTO phpbb_album_config (config_name, config_value) VALUES ('jpg_allowed','1');
INSERT INTO phpbb_album_config (config_name, config_value) VALUES ('png_allowed','1');
INSERT INTO phpbb_album_config (config_name, config_value) VALUES ('gif_allowed','0');
INSERT INTO phpbb_album_config (config_name, config_value) VALUES ('hotlink_prevent','0');
INSERT INTO phpbb_album_config (config_name, config_value) VALUES ('hotlink_allowed','');
INSERT INTO phpbb_album_config (config_name, config_value) VALUES ('personal_gallery','0');
INSERT INTO phpbb_album_config (config_name, config_value) VALUES ('personal_gallery_private','0');
INSERT INTO phpbb_album_config (config_name, config_value) VALUES ('personal_gallery_limit','10');
INSERT INTO phpbb_album_config (config_name, config_value) VALUES ('personal_gallery_view','-1');
INSERT INTO phpbb_album_config (config_name, config_value) VALUES ('rate','1');
INSERT INTO phpbb_album_config (config_name, config_value) VALUES ('comment','1');
INSERT INTO phpbb_album_config (config_name, config_value) VALUES ('gd_version','2');
INSERT INTO phpbb_album_config (config_name, config_value) VALUES ('album_version','.0.56a');
INSERT INTO phpbb_album_config (config_name, config_value) VALUES ('desc_length','512');
INSERT INTO phpbb_album_config (config_name, config_value) VALUES ('rate_scale','10');
INSERT INTO phpbb_album_config (config_name, config_value) VALUES ('sort_method','pic_time');
INSERT INTO phpbb_album_config (config_name, config_value) VALUES ('sort_order','DESC');
INSERT INTO phpbb_album_config (config_name, config_value) VALUES ('fullpic_popup','0');
INSERT INTO phpbb_album_config (config_name, config_value) VALUES ('disp_late', '1');
INSERT INTO phpbb_album_config (config_name, config_value) VALUES ('rate_type', '2');
INSERT INTO phpbb_album_config (config_name, config_value) VALUES ('disp_high', '1');
INSERT INTO phpbb_album_config (config_name, config_value) VALUES ('disp_rand', '1');
INSERT INTO phpbb_album_config (config_name, config_value) VALUES ('img_rows', '2');
INSERT INTO phpbb_album_config (config_name, config_value) VALUES ('img_cols', '4');
INSERT INTO phpbb_album_config (config_name, config_value) VALUES ('use_watermark', '0');
INSERT INTO phpbb_album_config (config_name, config_value) VALUES ('wut_users', '0');
INSERT INTO phpbb_album_config (config_name, config_value) VALUES ('disp_watermark_at', '3');
INSERT INTO phpbb_album_config (config_name, config_value) VALUES ('hon_rate_times', '1');
INSERT INTO phpbb_album_config (config_name, config_value) VALUES ('hon_rate_sep', '1');
INSERT INTO phpbb_album_config (config_name, config_value) VALUES ('hon_rate_where', '');
INSERT INTO phpbb_album_config (config_name, config_value) VALUES ('hon_rate_users', '1');
INSERT INTO phpbb_album_config (config_name, config_value) VALUES ('midthumb_use', '1');
INSERT INTO phpbb_album_config (config_name, config_value) VALUES ('midthumb_height', '600');
INSERT INTO phpbb_album_config (config_name, config_value) VALUES ('midthumb_width', '800');
INSERT INTO phpbb_album_config (config_name, config_value) VALUES ('midthumb_cache', '1');
INSERT INTO phpbb_album_config (config_name, config_value) VALUES ('posts', '0');
INSERT INTO phpbb_album_config (config_name, config_value) VALUES ('slidepics_per_page', '0');

# -- Attachments_config
INSERT INTO phpbb_attachments_config (config_name, config_value) VALUES ('upload_dir','uploads/attachments');
INSERT INTO phpbb_attachments_config (config_name, config_value) VALUES ('display_order','0');
INSERT INTO phpbb_attachments_config (config_name, config_value) VALUES ('max_filesize','262144');
INSERT INTO phpbb_attachments_config (config_name, config_value) VALUES ('attachment_quota','52428800');
INSERT INTO phpbb_attachments_config (config_name, config_value) VALUES ('max_filesize_pm','262144');
INSERT INTO phpbb_attachments_config (config_name, config_value) VALUES ('max_attachments','3');
INSERT INTO phpbb_attachments_config (config_name, config_value) VALUES ('max_attachments_pm','1');
INSERT INTO phpbb_attachments_config (config_name, config_value) VALUES ('disable_mod','0');
INSERT INTO phpbb_attachments_config (config_name, config_value) VALUES ('allow_pm_attach','1');
INSERT INTO phpbb_attachments_config (config_name, config_value) VALUES ('attachment_topic_review','0');
INSERT INTO phpbb_attachments_config (config_name, config_value) VALUES ('allow_ftp_upload','0');
INSERT INTO phpbb_attachments_config (config_name, config_value) VALUES ('show_apcp','0');
INSERT INTO phpbb_attachments_config (config_name, config_value) VALUES ('attach_version','2.4.5');
INSERT INTO phpbb_attachments_config (config_name, config_value) VALUES ('default_upload_quota', '0');
INSERT INTO phpbb_attachments_config (config_name, config_value) VALUES ('default_pm_quota', '0');
INSERT INTO phpbb_attachments_config (config_name, config_value) VALUES ('ftp_server','');
INSERT INTO phpbb_attachments_config (config_name, config_value) VALUES ('ftp_path','');
INSERT INTO phpbb_attachments_config (config_name, config_value) VALUES ('download_path','');
INSERT INTO phpbb_attachments_config (config_name, config_value) VALUES ('ftp_user','');
INSERT INTO phpbb_attachments_config (config_name, config_value) VALUES ('ftp_pass','');
INSERT INTO phpbb_attachments_config (config_name, config_value) VALUES ('ftp_pasv_mode','1');
INSERT INTO phpbb_attachments_config (config_name, config_value) VALUES ('img_display_inlined','1');
INSERT INTO phpbb_attachments_config (config_name, config_value) VALUES ('img_max_width','0');
INSERT INTO phpbb_attachments_config (config_name, config_value) VALUES ('img_max_height','0');
INSERT INTO phpbb_attachments_config (config_name, config_value) VALUES ('img_link_width','0');
INSERT INTO phpbb_attachments_config (config_name, config_value) VALUES ('img_link_height','0');
INSERT INTO phpbb_attachments_config (config_name, config_value) VALUES ('img_create_thumbnail','0');
INSERT INTO phpbb_attachments_config (config_name, config_value) VALUES ('img_min_thumb_filesize','12000');
INSERT INTO phpbb_attachments_config (config_name, config_value) VALUES ('img_imagick', '');
INSERT INTO phpbb_attachments_config (config_name, config_value) VALUES ('use_gd2', '0');
INSERT INTO phpbb_attachments_config (config_name, config_value) VALUES ('wma_autoplay','0');
INSERT INTO phpbb_attachments_config (config_name, config_value) VALUES ('flash_autoplay','0');

# -- Backup
INSERT INTO phpbb_backup (backup_skill, email_true, ftp_true, write_backups_true, files_to_keep, cron_time, delay_time, backup_type, phpbb_only, no_search) VALUES (1, 0, 0, 1, 7, '0    0    *    *    *', 120, 'full', 1, 0);

# -- Bots
INSERT INTO phpbb_bots (bot_name, bot_agent, bot_ip, bot_style) VALUES ('Alexa [Bot]', 'ia_archiver', '66.28.250.|209.237.238.', 1);
INSERT INTO phpbb_bots (bot_name, bot_agent, bot_ip, bot_style) VALUES ('Infoseek [Bot]', 'Infoseek', '195.145.119.24|195.145.119.25|198.5.208|198.5.210|202.33.250.146|202.33.250.147|202.33.250.148|202.33.250.149|202.33.250.150|202.33.250.151|202.33.250.152|202.33.250.153|202.33.250.154|204.162.96|204.162.97.1|204.162.97.152|204.162.97.17|204.162.97.2|204.162.97.205|204.162.97.228|204.162.97.231|204.162.97.3|204.162.97.32|204.162.98.11|204.162.98.12|204.162.98.124|204.162.98.126|204.162.98.151|204.162.98.161|204.162.98.168|204.162.98.18|204.162.98.192|204.162.98.2|204.162.98.237|204.162.98.27|204.162.98.3|204.162.98.36|204.162.98.38|204.162.98.4|204.162.98.45|204.162.98.48|204.162.98.49|204.162.98.5|204.162.98.6|204.162.98.7|204.162.98.8|204.162.98.80|204.162.98.88|204.162.98.9|204.162.98.91|204.162.98.98|204.202.132.19|205.226.201|205.226.203.186|205.226.203.35|205.226.203.56|205.226.203.62|205.226.|204.238|206.3.30.196|206.3.30.250|206.3.30.251|210.148.160.157|210.148.160.163|210.148.160.165|210.148.160.206|210.155.157|210.155.159|210.236.233.130|210.236.233.131|210.236.233.132|210.236.233.133|210.236.233.135|210.236.233.136|210.236.233.137|210.236.233.139|210.236.233.150|210.236.233.151|210.236.233.155|210.236.233.160|210.236.233.161|211.13.222.230|211.18.214.194|212.185.44.10|212.185.44.11|212.185.44.12|212.185.44.15', 1);
INSERT INTO phpbb_bots (bot_name, bot_agent, bot_ip, bot_style) VALUES ('Alta Vista [Bot]', 'Scooter', '128.177.243|128.177.244.100|128.177.244.86|194.112.94.250|194.112.94.251|194.112.94.252|194.201.146.1|194.201.146.24|194.221.84.11|194.221.84.15|194.221.84.31|194.221.84.32|194.221.84.33|194.221.84.34|194.221.84.38|194.221.84.39|194.221.84.40|194.221.84.41|194.51.33.72|204.123.13.36|204.123.13.65|204.123.13.66|204.123.2|204.123.28.10|204.123.28.11|204.123.28.20|204.123.28.21|204.123.28.27|204.123.28.30|204.123.28.31|204.123.28.32|204.123.28.33|204.123.9|204.152.190|204.152.191|205.229.83.18|208.185.243.148|208.221.32|208.221.35.200|208.221.35.201|208.221.35.202|208.221.35.203|208.221.35.204|208.221.35.205|208.221.35.206|208.221.35.207|209.247.40.246|209.73.160.1|209.73.160.250|209.73.160.254|209.73.162|209.73.164|209.73.174.250|209.73.174.251|209.73.180|212.187.213.171|212.187.213.172|212.187.213.173|212.187.213.174|212.187.213.175|212.187.226|212.187.226.42|212.187.226.83|212.187.226.84|212.187.226.85|212.187.226.87|212.187.226.88|212.187.226.93|212.187.226.99|212.187.227|216.39.48|216.39.50|216.39.51|216.198.200.119|64.152.75|66.17.148.128|66.17.148.129|66.17.148.130|66.17.148.131|66.17.148.132|66.17.148.133|66.17.148.134|66.17.148.135|66.17.148.136|66.17.148.137|66.17.148.138|66.17.148.139|66.17.148.140|66.17.148.141|66.17.148.142|66.17.148.143|66.17.148.144|66.17.148.145|66.17.148.146|66.17.148.147|66.17.148.148|66.17.148.149|66.17.148.150|66.17.148.151|66.17.148.152|66.17.148.153|66.17.148.154|66.17.148.155|66.17.148.156|66.17.148.157|66.17.148.158|66.17.148.159|66.17.148.160|66.17.148.161|66.17.148.162|66.17.148.163|66.17.148.164|66.17.148.165|66.17.148.166|66.17.148.167|66.17.148.168|66.17.148.169|66.17.148.170|66.17.148.171|66.17.148.172|66.17.148.173|66.17.148.174|66.17.148.175|66.17.148.176|66.17.148.177|66.17.148.178|66.17.148.179|66.17.148.180|66.17.148.181|66.17.148.182|66.17.148.183|66.17.148.184|66.17.148.185|66.17.148.186|66.17.148.187|66.17.148.188|66.17.148.189|66.17.148.190|66.17.148.191|66.163.170.193', 1);
INSERT INTO phpbb_bots (bot_name, bot_agent, bot_ip, bot_style) VALUES ('Lycos [Bot]', 'Lycos', '166.48.225.254|202.232.118.40|202.232.118.51|206.79.171|207.77.90|207.77.91.184|208.146.26|208.146.27.123|208.146.27.124|208.146.27.57|208.146.27.58|208.146.27.59|208.146.27.60|208.146.27.62|208.146.27.89|208.146.27.90|208.146.27.91|208.146.27.92|208.146.27.93|208.146.27.94|208.146.27.95|208.146.27.96|209.202.192|209.202.192.147|209.202.193|209.202.194.237|209.202.194.238|209.202.205.1|209.202.240.109|209.202.240.8|209.202.248.211|209.202.248.212|209.202.248.213|209.202.248.214|209.67.228|209.67.229|211.51.63.4|213.193.19.35|64.89.33', 1);
INSERT INTO phpbb_bots (bot_name, bot_agent, bot_ip, bot_style) VALUES ('FAST [Crawler]', 'alltheweb', '146.101.142.2|216.35.112.|64.41.254.2|213.188.8.', 1);
INSERT INTO phpbb_bots (bot_name, bot_agent, bot_ip, bot_style) VALUES ('WiseNut [Bot]', 'WISEnut', '64.241.243.123|64.241.242.177|64.241.243.65|64.241.243.124|64.242.88.10|64.242.88.50|64.242.88.60|65.116.145.141|65.113.96.174|65.116.145|66.35.208.59|66.35.208.60|66.35.208.112|66.35.208.158|66.35.208.160|66.35.208.206|66.35.208.210|66.35.208.211|208.232.154.64|209.249.66.10|209.249.66.26|209.249.66.36|209.249.67.101|209.249.67.102|209.249.67.103|209.249.67.104|209.249.67.105|209.249.67.106|209.249.67.107|209.249.67.108|209.249.67.109|209.249.67.110|209.249.67.111|209.249.67.112|209.249.67.113|209.249.67.114|209.249.67.115|209.249.67.116|209.249.67.117|209.249.67.118|209.249.67.119|209.249.67.120|209.249.67.121|209.249.67.122|209.249.67.125|209.249.67.126|209.249.67.127|209.249.67.128|209.249.67.129|209.249.67.130|209.249.67.131|209.249.67.132|209.249.67.133|209.249.67.134|209.249.67.135|209.249.67.136|209.249.67.137|209.249.67.138|209.249.67.139|209.249.67.140|209.249.67.141|209.249.67.142|209.249.67.143|209.249.67.144|210.109.141.5|216.34.42.12|216.34.42.14|216.34.42.36|216.34.42.38|216.34.42.42|216.34.42.47|216.34.42.54|216.34.42.55|216.34.42.56|216.34.42.57|216.34.42.59|216.34.42.110|216.34.42.111|216.34.42.112|216.34.42.113|216.34.42.114|216.34.42.115|216.34.42.116|216.34.42.117|216.34.42.171|216.34.42.172|216.34.42.173|216.34.42.176|216.34.42.210|216.34.42.211|216.34.42.212|216.34.42.213|216.34.42.214|216.34.42.215|216.34.42.216|216.34.42.217|216.88.158.142', 1);
INSERT INTO phpbb_bots (bot_name, bot_agent, bot_ip, bot_style) VALUES ('MSN [Bot]', 'msnbot/', '131.107.3.|204.95.98.|131.107.1|65.54.164.95|65.54.188.57|65.54.188.93|65.54.188.93|65.54.188.93|65.54.188.93|65.54.188.93|65.54.188.93|65.54.188.93|65.54.188.93|65.54.188.93|65.54.188.93|65.54.188.93|65.54.188.93|65.54.188.93|65.54.188.93|65.54.188.93|65.54.188.93|65.54.188.93|65.54.188.93|65.54.188.93|65.54.188.93|65.54.188.93|65.54.188.93|65.54.188.93|65.54.188.93|65.54.188.93|65.54.188.93|65.54.188.93|65.54.188.93|65.54.188.93|65.54.188.93|65.54.188.93|65.54.188.93|65.54.188.93|65.54.188.93|65.54.188.93|65.54.188.93|65.54.188.93|65.54.188.93|65.54.188.93|65.54.188.93|65.54.188.93|65.54.188.93|65.54.188.93|65.54.188.93|65.54.188.93|65.54.188.93|65.54.188.93|65.54.188.93|65.54.188.93|65.54.188.93|65.54.188.93|65.54.188.93|65.54.188.93|65.54.188.93|65.54.188.93|65.54.188.93|65.54.188.93|65.54.188.93|65.54.188.93|65.54.188.93|65.54.188.93|65.54.188.93|65.54.188.93|65.54.188.93|65.54.188.93|65.54.188.93|65.54.188.93|65.54.188.93|65.54.188.93|65.54.188.93|65.54.188.93|65.54.188.93|65.54.188.93|65.54.188.93|65.54.188.93|65.54.188.93|65.54.188.93|65.54.188.93|65.54.188.93|65.54.188.93|65.54.188.93|65.54.188.93|65.54.188.93|65.54.188.93|65.54.188.93|65.54.188.93|65.54.188.93|65.54.188.93|65.54.188.93|65.54.188.93|65.54.188.93|65.54.188.93|65.54.188.93|65.54.188.93|65.54.188.93|65.54.188.93|65.54.188.93|65.54.188.93|65.54.188.93|65.54.188.93|65.54.188.93|65.54.188.93|65.54.188.93|65.54.188.93|65.54.188.93|65.54.188.93|65.54.188.93|65.54.188.93|65.54.188.93|65.54.188.93|65.54.188.93|65.54.188.93|65.54.188.93|65.54.188.93|65.54.188.93|65.54.188.93|65.54.188.93|65.54.188.93|65.54.188.93|65.54.188.93|65.54.188.93|65.54.188.93|65.54.188.93|65.54.188.93|65.54.188.93|65.54.188.93|65.54.188.93|65.54.188.93|65.54.188.93|65.54.188.93|65.54.188.93|65.54.188.93|65.54.188.93|65.54.188.93|207.46.98.40|207.46.98.129|65.54.164.69|207.46.98.38|207.46.98.109|207.46.98.38|207.46.98.38|65.54.188.127|65.54.188.61', 1);
INSERT INTO phpbb_bots (bot_name, bot_agent, bot_ip, bot_style) VALUES ('Looksmart [Bot]', 'MARTINI', '64.241.242.|207.138.42.212', 1);
INSERT INTO phpbb_bots (bot_name, bot_agent, bot_ip, bot_style) VALUES ('Ask Jeeves [Bot]', 'Ask Jeeves', '140.239.126.13|140.239.251.220|140.239.251.221|140.239.251.222|140.239.251.223|140.239.251.224|140.239.251.230|207.204.132.233|207.204.132.234|208.178.104.55|209.67.252.197|209.67.252.199|209.67.252.211|209.67.252.212|209.67.252.213|209.67.252.214|209.67.252.215|209.67.252.216|210.51.25.142|211.13.230.249|216.143.191.131|216.200.130.20|216.200.130.200|216.200.130.201|216.200.130.202|216.200.130.203|216.200.130.204|216.200.130.205|216.200.130.206|216.200.130.207|216.200.130.208|216.200.130.209|216.200.130.210|216.200.130.242|216.200.130.244|216.200.130.245|216.200.130.246|216.200.130.248|216.200.130.249|216.200.130.26|216.200.130.77|216.200.130.78|216.200.130.79|216.200.130.85|216.200.130.86|216.200.130.87|216.200.130.88|216.200.130.89|216.34.121.100|216.34.121.18|216.34.121.19|216.34.121.31|216.34.121.32|216.34.121.33|216.34.121.34|216.34.121.67|216.34.121.68|63.236.92.143|63.236.92.144|63.236.92.145|63.236.92.146|63.236.92.147|63.236.92.148|63.236.92.149|63.236.92.150|63.236.92.151|63.236.92.152|63.236.92.153|64.55.148.3|64.55.148.37|64.55.148.38|64.55.148.39|64.55.148.4|64.55.148.43|64.55.148.44|64.55.148.45|64.55.148.5|64.55.148.50|64.55.148.51|64.55.148.52|64.55.148.53|64.55.148.54|65.192.195.0|65.192.195.1|65.192.195.10|65.192.195.11|65.192.195.12|65.192.195.13|65.192.195.14|65.192.195.15|65.192.195.16|65.192.195.17|65.192.195.18|65.192.195.19|65.192.195.2|65.192.195.20|65.192.195.21|65.192.195.22|65.192.195.23|65.192.195.24|65.192.195.25|65.192.195.26|65.192.195.27|65.192.195.28|65.192.195.29|65.192.195.3|65.192.195.30|65.192.195.31|65.192.195.4|65.192.195.5|65.192.195.6|65.192.195.7|65.192.195.8|65.192.195.9|65.214.32.128|65.214.32.129|65.214.32.130|65.214.32.131|65.214.32.132|65.214.32.133|65.214.32.134|65.214.32.135|65.214.32.136|65.214.32.137|65.214.32.138|65.214.32.139|65.214.32.140|65.214.32.141|65.214.32.142|65.214.32.143|65.214.32.144|65.214.32.145|65.214.32.146|65.214.32.147|65.214.32.148|65.214.32.149|65.214.32.150|65.214.32.151|65.214.32.152|65.214.32.153|65.214.32.154|65.214.32.155|65.214.32.156|65.214.32.157|65.214.32.158|65.214.32.159|65.214.32.160|65.214.32.161|65.214.32.162|65.214.32.163|65.214.32.164|65.214.32.165|65.214.32.166|65.214.32.167|65.214.32.168|65.214.32.169|65.214.32.170|65.214.32.171|65.214.32.172|65.214.32.173|65.214.32.174|65.214.32.175|65.214.32.176|65.214.32.177|65.214.32.178|65.214.32.179|65.214.32.180|65.214.32.181|65.214.32.182|65.214.32.183|65.214.32.184|65.214.32.185|65.214.32.186|65.214.32.187|65.214.32.188|65.214.32.189|65.214.32.190|65.214.32.191|65.214.32.192|65.214.32.193|65.214.32.194|65.214.32.195|65.214.32.196|65.214.32.197|65.214.32.198|65.214.32.199|65.214.32.200|65.214.32.201|65.214.32.202|65.214.32.203|65.214.32.204|65.214.32.205|65.214.32.206|65.214.32.207|65.214.32.208|65.214.32.209|65.214.32.210|65.214.32.211|65.214.32.212|65.214.32.213|65.214.32.214|65.214.32.215|65.214.32.216|65.214.32.217|65.214.32.218|65.214.32.219|65.214.32.220|65.214.32.221|65.214.32.222|65.214.32.223|65.214.32.224|65.214.32.225|65.214.32.226|65.214.32.227|65.214.32.228|65.214.32.229|65.214.32.230|65.214.32.231|65.214.32.232|65.214.32.233|65.214.32.234|65.214.32.235|65.214.32.236|65.214.32.237|65.214.32.238|65.214.32.239|65.214.32.240|65.214.32.241|65.214.32.242|65.214.32.243|65.214.32.244|65.214.32.245|65.214.32.246|65.214.32.247|65.214.32.248|65.214.32.249|65.214.32.250|65.214.32.251|65.214.32.252|65.214.32.253|65.214.32.254|65.214.32.255|65.214.36|65.214.38|65.214.44|65.214.45.0|65.214.45.1|65.214.45.10|65.214.45.100|65.214.45.11|65.214.45.12|65.214.45.13|65.214.45.14|65.214.45.15|65.214.45.16|65.214.45.17|65.214.45.18|65.214.45.19|65.214.45.2|65.214.45.20|65.214.45.21|65.214.45.22|65.214.45.23|65.214.45.24|65.214.45.25|65.214.45.26|65.214.45.27|65.214.45.28|65.214.45.29|65.214.45.3|65.214.45.30|65.214.45.31|65.214.45.32|65.214.45.33|65.214.45.34|65.214.45.35|65.214.45.36|65.214.45.37|65.214.45.38|65.214.45.39|65.214.45.4|65.214.45.40|65.214.45.41|65.214.45.42|65.214.45.43|65.214.45.44|65.214.45.45|65.214.45.46|65.214.45.47|65.214.45.48|65.214.45.49|65.214.45.5|65.214.45.50|65.214.45.51|65.214.45.6|65.214.45.7|65.214.45.8|65.214.45.9', 1);
INSERT INTO phpbb_bots (bot_name, bot_agent, bot_ip, bot_style) VALUES ('Gigabot [Bot]', 'Gigabot', '64.62.142.231|64.62.142.233|64.62.142.235|64.62.142.237|64.62.142.239|64.62.142.241|64.62.142.243|64.62.142.245|64.62.168.0|64.62.168.1|64.62.168.2|64.62.168.3|64.62.168.4|64.62.168.5|64.62.168.6|64.62.168.7|64.62.168.8|64.62.168.9|64.62.168.10|64.62.168.11|64.62.168.12|64.62.168.13|64.62.168.14|64.62.168.15|64.62.168.16|64.62.168.17|64.62.168.18|64.62.168.19|64.62.168.20|64.62.168.21|64.62.168.22|64.62.168.23|64.62.168.24|64.62.168.25|64.62.168.26|64.62.168.27|64.62.168.28|64.62.168.29|64.62.168.30|64.62.168.31|64.62.168.32|64.62.168.33|64.62.168.34|64.62.168.35|64.62.168.36|64.62.168.37|64.62.168.38|64.62.168.39|64.62.168.40|64.62.168.41|64.62.168.42|64.62.168.43|64.62.168.44|64.62.168.45|64.62.168.46|64.62.168.47|64.62.168.48|64.62.168.49|64.62.168.50|64.62.168.51|64.62.168.52|64.62.168.53|64.62.168.54|64.62.168.55|64.62.168.56|64.62.168.57|64.62.168.58|64.62.168.59|64.62.168.60|64.62.168.61|64.62.168.62|64.62.168.63|64.62.168.64|64.62.168.65|64.62.168.66|64.62.168.67|64.62.168.68|64.62.168.69|64.62.168.70|64.62.168.71|64.62.168.72|64.62.168.73|64.62.168.74|64.62.168.75|64.62.168.76|64.62.168.77|64.62.168.78|64.62.168.79|64.62.168.80|64.62.168.81|64.62.168.82|64.62.168.83|64.62.168.84|64.62.168.85|64.62.168.86|64.62.168.87|64.62.168.88|64.62.168.89|64.62.168.90|64.62.168.91|64.62.168.92|64.62.168.93|64.62.168.94|64.62.168.95|64.62.168.96|64.62.168.97|64.62.168.98|64.62.168.99|64.62.168.100|64.62.168.101|64.62.168.102|64.62.168.103|64.62.168.104|64.62.168.105|64.62.168.106|64.62.168.107|64.62.168.108|64.62.168.109|64.62.168.110|64.62.168.111|64.62.168.112|64.62.168.113|64.62.168.114|64.62.168.115|64.62.168.116|64.62.168.117|64.62.168.118|64.62.168.119|64.62.168.120|64.62.168.121|64.62.168.122|64.62.168.123|64.62.168.124|64.62.168.125|64.62.168.126|64.62.168.127|64.139.94.202|64.211.63.145|64.211.63.146|66.154.102|66.154.103|207.114.174.1|207.114.174.2|207.114.174.3|207.114.174.6|207.114.174.5|207.114.174.7|207.114.174.8|207.114.174.9|207.114.174.10|207.114.174.11|207.114.174.12|207.114.174.13|207.114.174.14|207.114.174.15|207.114.174.16|207.114.174.17|207.114.174.18|207.114.174.19|207.114.174.20|207.114.174.21|207.114.174.22|207.114.174.23|207.114.174.24|207.114.174.25|207.114.174.26|208.254.87.133|216.243.113.1|216.243.113.81|216.243.113.82|216.243.113.83|216.243.113.84|216.243.113.86|216.243.113.87|217.75.103.130', 1);
INSERT INTO phpbb_bots (bot_name, bot_agent, bot_ip, bot_style) VALUES ('Yahoo Slurp [Bot]', 'Yahoo', '216.35.116.|66.196.|66.94.230.|202.212.5.|141.185.209|169.207.238|199.177.18.9|202.160.178|202.160.179|202.160.180|202.160.183.182|202.160.183.217|202.160.183.218|202.160.183.219|202.160.183.220|202.160.183.235|202.160.183.239|202.160.183.245|202.165.98|202.165.99|202.212.5.30|202.212.5.32|202.212.5.33|202.212.5.34|202.212.5.35|202.212.5.36|202.212.5.37|202.212.5.38|202.212.5.39|202.212.5.47|202.212.5.48|202.46.19.93|203.123.188.2|203.141.52.41|203.141.52.42|203.141.52.43|203.141.52.44|203.141.52.45|203.141.52.46|203.141.52.47|203.255.234.102|203.255.234.103|203.255.234.105|203.255.234.106|206.190.43.125|206.190.43.81|207.126.239.224|209.1.12|209.1.13.101|209.1.13.231|209.1.13.232|209.1.32.122|209.1.38|209.131.40|209.131.41|209.131.48|209.131.49.37|209.131.50.153|209.131.51.166|209.131.60.169|209.131.60.170|209.131.60.171|209.131.60.19|209.131.62.107|209.131.62.108|209.131.62.109|209.131.62.214|209.185.122|209.185.141|209.185.143|209.191.64.227|209.191.65|209.191.65.249|209.191.65.82|209.191.82.245|209.191.83|209.191.83.220|209.191.87.214|209.191.87.215|209.191.87.216|209.191.87.217|209.191.87.218|209.191.87.219|209.191.87.220|209.191.87.221|209.191.87.222|209.191.87.223|209.67.206.126|209.67.206.127|209.67.206.133|209.73.176.128|209.73.176.129|209.73.176.133|209.73.176.134|209.73.176.136|211.14.8.240|211.169.241.21|213.216.143.37|213.216.143.38|213.216.143.39|216.109.121.70|216.109.121.71|216.109.126.131|216.109.126.133|216.109.126.137|216.109.126.138|216.109.126.139|216.109.126.141|216.109.126.143|216.109.126.145|216.109.126.146|216.109.126.147|216.109.126.150|216.109.126.152|216.109.126.157|216.109.126.158|216.109.126.159|216.109.126.160|216.109.126.161|216.136.233.164|216.145.58.219|216.155.198.60|216.155.200|216.155.202.54|216.155.204.40|216.198.200.123|216.239.193.71|216.239.193.72|216.239.193.73|216.239.193.74|216.239.193.75|216.239.193.76|216.239.193.77|216.239.193.78|216.239.193.79|216.239.193.80|216.239.193.81|216.239.193.82|216.239.193.83|216.239.193.84|216.239.193.85|216.239.193.86|216.32.237.1|216.32.237.10|216.32.237.11|216.32.237.12|216.32.237.13|216.32.237.14|216.32.237.15|216.32.237.16|216.32.237.17|216.32.237.18|216.32.237.19|216.32.237.20|216.32.237.21|216.32.237.22|216.32.237.23|216.32.237.24|216.32.237.25|216.32.237.26|216.32.237.27|216.32.237.28|216.32.237.29|216.32.237.30|216.32.237.7|216.32.237.8|216.32.237.9|62.1|72.199.20|62.1|72.199.21|62.1|72.199.22|62.1|72.199.23|62.1|72.199.24|62.27.59.245|63.163.102.180|63.163.102.181|63.163.102.182|64.157.137.219|64.157.137.220|64.157.137.221|64.157.137.225|64.157.138.103|64.157.138.108|64.75.36.42|64.75.36.43|64.75.36.44|64.75.36.45|64.75.36.47|64.75.36.77|64.75.36.79|64.75.36.80|66.163.170.157|66.163.170.159|66.163.170.161|66.163.170.162|66.163.170.166|66.163.170.167|66.163.170.170|66.163.170.172|66.163.170.176|66.163.170.178|66.163.170.179|66.163.170.180|66.163.170.184|66.163.170.185|66.163.170.190|66.163.170.192|66.163.174.65|66.196.101|66.196.65|66.196.67.100|66.196.67.101|66.196.67.102|66.196.67.103|66.196.67.104|66.196.67.105|66.196.67.106|66.196.67.107|66.196.67.108|66.196.67.109|66.196.67.110|66.196.67.111|66.196.67.112|66.196.67.113|66.196.67.114|66.196.67.115|66.196.67.116|66.196.67.117|66.196.67.118|66.196.67.119|66.196.67.120|66.196.67.121|66.196.67.122|66.196.67.123|66.196.67.124|66.196.67.125|66.196.67.126|66.196.67.127|66.196.67.128|66.196.67.129|66.196.67.130|66.196.67.150|66.196.67.151|66.196.67.176|66.196.67.177|66.196.67.178|66.196.67.200|66.196.67.201|66.196.67.202|66.196.67.203|66.196.67.204|66.196.67.205|66.196.67.206|66.196.67.207|66.196.67.208|66.196.67.209|66.196.67.210|66.196.67.211|66.196.67.212|66.196.67.213|66.196.67.214|66.196.67.215|66.196.67.216|66.196.67.217|66.196.67.218|66.196.67.219|66.196.67.220|66.196.67.221|66.196.67.222|66.196.67.223|66.196.67.224|66.196.67.225|66.196.67.226|66.196.67.227|66.196.67.228|66.196.67.229|66.196.67.230|66.196.67.231|66.196.67.232|66.196.67.233|66.196.67.234|66.196.67.235|66.196.67.236|66.196.67.237|66.196.67.238|66.196.67.239|66.196.67.240|66.196.67.254|66.196.67.30|66.196.67.31|66.196.67.32|66.196.67.33|66.196.67.34|66.196.67.35|66.196.67.36|66.196.67.37|66.196.67.38|66.196.67.39|66.196.67.70|66.196.67.71|66.196.67.72|66.196.67.73|66.196.67.74|66.196.67.75|66.196.67.76|66.196.67.77|66.196.67.78|66.196.67.79|66.196.67.80|66.196.67.94|66.196.67.95|66.196.67.96|66.196.67.97|66.196.67.98|66.196.67.99|66.196.72|66.196.73|66.196.74|66.196.77|66.196.78|66.196.80|66.196.81.10|66.196.81.102|66.196.81.103|66.196.81.104|66.196.81.105|66.196.81.106|66.196.81.107|66.196.81.108|66.196.81.109|66.196.81.11|66.196.81.110|66.196.81.111|66.196.81.112|66.196.81.113|66.196.81.114|66.196.81.115|66.196.81.116|66.196.81.117|66.196.81.118|66.196.81.119|66.196.81.12|66.196.81.120|66.196.81.121|66.196.81.122|66.196.81.123|66.196.81.124|66.196.81.125|66.196.81.126|66.196.81.127|66.196.81.128|66.196.81.129|66.196.81.13|66.196.81.130|66.196.81.131|66.196.81.132|66.196.81.133|66.196.81.134|66.196.81.135|66.196.81.136|66.196.81.137|66.196.81.138|66.196.81.139|66.196.81.14|66.196.81.140|66.196.81.141|66.196.81.142|66.196.81.143|66.196.81.144|66.196.81.145|66.196.81.146|66.196.81.147|66.196.81.148|66.196.81.149|66.196.81.15|66.196.81.150|66.196.81.151|66.196.81.152|66.196.81.153|66.196.81.154|66.196.81.155|66.196.81.156|66.196.81.157|66.196.81.158|66.196.81.159|66.196.81.16|66.196.81.160|66.196.81.161|66.196.81.162|66.196.81.163|66.196.81.164|66.196.81.165|66.196.81.166|66.196.81.167|66.196.81.168|66.196.81.169|66.196.81.17|66.196.81.170|66.196.81.171|66.196.81.172|66.196.81.173|66.196.81.174|66.196.81.175|66.196.81.176|66.196.81.177|66.196.81.178|66.196.81.179|66.196.81.18|66.196.81.180|66.196.81.181|66.196.81.182|66.196.81.183|66.196.81.184|66.196.81.185|66.196.81.187|66.196.81.188|66.196.81.189|66.196.81.19|66.196.81.190|66.196.81.191|66.196.81.192|66.196.81.193|66.196.81.194|66.196.81.195|66.196.81.196|66.196.81.197|66.196.81.198|66.196.81.199|66.196.81.20|66.196.81.200|66.196.81.201|66.196.81.202|66.196.81.203|66.196.81.204|66.196.81.205|66.196.81.206|66.196.81.207|66.196.81.208|66.196.81.209|66.196.81.21|66.196.81.210|66.196.81.211|66.196.81.212|66.196.81.213|66.196.81.214|66.196.81.215|66.196.81.216|66.196.81.217|66.196.81.218|66.196.81.219|66.196.81.22|66.196.81.23|66.196.81.86|66.196.81.87|66.196.81.88|66.196.81.93|66.196.81.94|66.196.81.95|66.196.81.96|66.196.90|66.196.91|66.196.92|66.196.93.19|66.196.93.24|66.196.93.6|66.196.93.7|66.196.97|66.196.99.20|66.218.65.52|66.218.70|66.228.164|66.228.165|66.228.182.177|66.228.182.183|66.228.182.185|66.228.182.187|66.228.182.188|66.228.182.190|66.94.230.100|66.94.230.101|66.94.230.102|66.94.230.103|66.94.230.104|66.94.230.105|66.94.230.106|66.94.230.107|66.94.230.108|66.94.230.109|66.94.230.110|66.94.230.160|66.94.230.161|66.94.230.162|66.94.230.163|66.94.230.96|66.94.230.97|66.94.230.98|66.94.230.99|66.94.232|66.94.233|66.94.238.51|68.142.195.80|68.142.195.81|68.142.203.133|68.142.230.125|68.142.230.126|68.142.230.127|68.142.230.128|68.142.230.129|68.142.230.130|68.142.230.131|68.142.230.132|68.142.230.133|68.142.230.134|68.142.230.135|68.142.230.136|68.142.230.137|68.142.230.138|68.142.230.139|68.142.230.140|68.142.230.141|68.142.230.142|68.142.230.143|68.142.230.144|68.142.230.145|68.142.230.146|68.142.230.147|68.142.230.148|68.142.230.149|68.142.230.150|68.142.230.151|68.142.230.152|68.142.230.153|68.142.230.154|68.142.230.155|68.142.230.156|68.142.230.157|68.142.230.158|68.142.230.159|68.142.230.160|68.142.230.161|68.142.230.162|68.142.230.163|68.142.230.164|68.142.230.165|68.142.230.166|68.142.230.167|68.142.230.168|68.142.230.169|68.142.230.174|68.142.230.175|68.142.230.176|68.142.230.177|68.142.230.178|68.142.230.179|68.142.230.180|68.142.230.181|68.142.230.182|68.142.230.183|68.142.230.184|68.142.230.185|68.142.230.186|68.142.230.187|68.142.230.188|68.142.230.189|68.142.230.190|68.142.230.191|68.142.230.192|68.142.230.193|68.142.230.194|68.142.230.195|68.142.230.196|68.142.230.197|68.142.230.198|68.142.230.199|68.142.230.200|68.142.230.201|68.142.230.202|68.142.230.203|68.142.230.204|68.142.230.205|68.142.230.206|68.142.230.207|68.142.230.208|68.142.230.209|68.142.230.210|68.142.230.211|68.142.230.212|68.142.230.213|68.142.230.214|68.142.230.215|68.142.230.216|68.142.230.217|68.142.230.240|68.142.230.247|68.142.230.248|68.142.230.249|68.142.230.250|68.142.230.251|68.142.230.252|68.142.230.253|68.142.230.254|68.142.230.32|68.142.230.33|68.142.230.34|68.142.230.35|68.142.230.36|68.142.230.37|68.142.230.38|68.142.230.39|68.142.230.40|68.142.230.41|68.142.230.43|68.142.230.44|68.142.230.45|68.142.230.46|68.142.230.47|68.142.230.48|68.142.230.49|68.142.231.49|68.142.246|68.142.249|68.142.250|68.142.251|72.30.101|72.30.102|72.30.103|72.30.104|72.30.107|72.30.110|72.30.111|72.30.128|72.30.129|72.30.131|72.30.132|72.30.133|72.30.134|72.30.135|72.30.142.24|72.30.142.25|72.30.177|72.30.214|72.30.216|72.30.221|72.30.54|72.30.56|72.30.60|72.30.61|72.30.81|72.30.87|72.30.9|72.30.97|72.30.98|72.30.99', 1);
INSERT INTO phpbb_bots (bot_name, bot_agent, bot_ip, bot_style) VALUES ('Googlebot [Bot]', 'Google', '209.185.108|209.185.253|216.239.33.96|216.239.33.97|216.239.33.98|216.239.33.99|216.239.37.98|216.239.37.99|216.239.39.98|216.239.39.99|216.239.41.96|216.239.41.97|216.239.41.98|216.239.41.99|216.239.45.4|216.239.46|216.239.51.96|216.239.51.97|216.239.51.98|216.239.51.99|216.239.53.98|216.239.53.99|216.239.57.96|216.239.57.97|216.239.57.98|216.239.57.99|216.239.59.98|216.239.59.99|216.33.229.163|64.233.173.193|64.233.173.194|64.233.173.195|64.233.173.196|64.233.173.197|64.233.173.198|64.233.173.199|64.233.173.200|64.233.173.201|64.233.173.202|64.233.173.203|64.233.173.204|64.233.173.205|64.233.173.206|64.233.173.207|64.233.173.208|64.233.173.209|64.233.173.210|64.233.173.211|64.233.173.212|64.233.173.213|64.233.173.214|64.233.173.215|64.233.173.216|64.233.173.217|64.233.173.218|64.233.173.219|64.233.173.220|64.233.173.221|64.233.173.222|64.233.173.223|64.233.173.224|64.233.173.225|64.233.173.226|64.233.173.227|64.233.173.228|64.233.173.229|64.233.173.230|64.233.173.231|64.233.173.232|64.233.173.233|64.233.173.234|64.233.173.235|64.233.173.236|64.233.173.237|64.233.173.238|64.233.173.239|64.233.173.240|64.233.173.241|64.233.173.242|64.233.173.243|64.233.173.244|64.233.173.245|64.233.173.246|64.233.173.247|64.233.173.248|64.233.173.249|64.233.173.250|64.233.173.251|64.233.173.252|64.233.173.253|64.233.173.254|64.233.173.255|64.68.80|64.68.81|64.68.82|64.68.83|64.68.84|64.68.85|64.68.86|64.68.87|64.68.88|64.68.89|64.68.90.1|64.68.90.10|64.68.90.11|64.68.90.12|64.68.90.129|64.68.90.13|64.68.90.130|64.68.90.131|64.68.90.132|64.68.90.133|64.68.90.134|64.68.90.135|64.68.90.136|64.68.90.137|64.68.90.138|64.68.90.139|64.68.90.14|64.68.90.140|64.68.90.141|64.68.90.142|64.68.90.143|64.68.90.144|64.68.90.145|64.68.90.146|64.68.90.147|64.68.90.148|64.68.90.149|64.68.90.15|64.68.90.150|64.68.90.151|64.68.90.152|64.68.90.153|64.68.90.154|64.68.90.155|64.68.90.156|64.68.90.157|64.68.90.158|64.68.90.159|64.68.90.16|64.68.90.160|64.68.90.161|64.68.90.162|64.68.90.163|64.68.90.164|64.68.90.165|64.68.90.166|64.68.90.167|64.68.90.168|64.68.90.169|64.68.90.17|64.68.90.170|64.68.90.171|64.68.90.172|64.68.90.17|64.68.90.174|64.68.90.175|64.68.90.176|64.68.90.177|64.68.90.178|64.68.90.179|64.68.90.18|64.68.90.180|64.68.90.181|64.68.90.182|64.68.90.183|64.68.90.184|64.68.90.185|64.68.90.186|64.68.90.187|64.68.90.188|64.68.90.189|64.68.90.19|64.68.90.190|64.68.90.191|64.68.90.192|64.68.90.193|64.68.90.194|64.68.90.195|64.68.90.196|64.68.90.197|64.68.90.198|64.68.90.199|64.68.90.2|64.68.90.20|64.68.90.200|64.68.90.201|64.68.90.202|64.68.90.203|64.68.90.204|64.68.90.205|64.68.90.206|64.68.90.207|64.68.90.208|64.68.90.21|64.68.90.22|64.68.90.23|64.68.90.24|64.68.90.25|64.68.90.26|64.68.90.27|64.68.90.28|64.68.90.29|64.68.90.3|64.68.90.30|64.68.90.31|64.68.90.32|64.68.90.33|64.68.90.34|64.68.90.35|64.68.90.36|64.68.90.37|64.68.90.38|64.68.90.39|64.68.90.4|64.68.90.40|64.68.90.41|64.68.90.42|64.68.90.43|64.68.90.44|64.68.90.45|64.68.90.46|64.68.90.47|64.68.90.48|64.68.90.49|64.68.90.5|64.68.90.50|64.68.90.51|64.68.90.52|64.68.90.53|64.68.90.54|64.68.90.55|64.68.90.56|64.68.90.57|64.68.90.58|64.68.90.59|64.68.90.6|64.68.90.60|64.68.90.61|64.68.90.62|64.68.90.63|64.68.90.64|64.68.90.65|64.68.90.66|64.68.90.67|64.68.90.68|64.68.90.69|64.68.90.7|64.68.90.70|64.68.90.71|64.68.90.72|64.68.90.73|64.68.90.74|64.68.90.75|64.68.90.76|64.68.90.77|64.68.90.78|64.68.90.79|64.68.90.8|64.68.90.80|64.68.90.9|64.68.91|64.68.92|66.249.64|66.249.65|66.249.66|66.249.67|66.249.68|66.249.69|66.249.70|66.249.71|66.249.72|66.249.78|66.249.79', 1);

# -- Categories
INSERT INTO phpbb_categories (cat_id, cat_title, cat_order, cat_icon) VALUES (1, 'Test category 1', 10, 'none.gif');

# -- Config
INSERT INTO phpbb_config (config_name, config_value) VALUES ('config_id','1');
INSERT INTO phpbb_config (config_name, config_value) VALUES ('board_disable','0');
INSERT INTO phpbb_config (config_name, config_value) VALUES ('sitename','My Forum');
INSERT INTO phpbb_config (config_name, config_value) VALUES ('site_desc','A little text to describe your forum');
INSERT INTO phpbb_config (config_name, config_value) VALUES ('cookie_name','phpbb2mysql');
INSERT INTO phpbb_config (config_name, config_value) VALUES ('cookie_path','/');
INSERT INTO phpbb_config (config_name, config_value) VALUES ('cookie_domain','');
INSERT INTO phpbb_config (config_name, config_value) VALUES ('cookie_secure','0');
INSERT INTO phpbb_config (config_name, config_value) VALUES ('version','.0.23');
INSERT INTO phpbb_config (config_name, config_value) VALUES ('fm_version','90409');
INSERT INTO phpbb_config (config_name, config_value) VALUES ('session_length','3600');
INSERT INTO phpbb_config (config_name, config_value) VALUES ('allow_html','0');
INSERT INTO phpbb_config (config_name, config_value) VALUES ('allow_swearywords', '0');
INSERT INTO phpbb_config (config_name, config_value) VALUES ('allow_html_tags','b,i,u,pre');
INSERT INTO phpbb_config (config_name, config_value) VALUES ('allow_bbcode','1');
INSERT INTO phpbb_config (config_name, config_value) VALUES ('allow_smilies','1');
INSERT INTO phpbb_config (config_name, config_value) VALUES ('allow_sig','1');
INSERT INTO phpbb_config (config_name, config_value) VALUES ('allow_namechange','0');
INSERT INTO phpbb_config (config_name, config_value) VALUES ('allow_theme_create','0');
INSERT INTO phpbb_config (config_name, config_value) VALUES ('allow_avatar_local','0');
INSERT INTO phpbb_config (config_name, config_value) VALUES ('allow_avatar_remote','0');
INSERT INTO phpbb_config (config_name, config_value) VALUES ('allow_avatar_upload','0');
INSERT INTO phpbb_config (config_name, config_value) VALUES ('enable_confirm','1');
INSERT INTO phpbb_config (config_name, config_value) VALUES ('enable_confirm_posting','1');
INSERT INTO phpbb_config (config_name, config_value) VALUES ('override_user_style','0');
INSERT INTO phpbb_config (config_name, config_value) VALUES ('posts_per_page','15');
INSERT INTO phpbb_config (config_name, config_value) VALUES ('topics_per_page','50');
INSERT INTO phpbb_config (config_name, config_value) VALUES ('hot_threshold','25');
INSERT INTO phpbb_config (config_name, config_value) VALUES ('max_poll_options','10');
INSERT INTO phpbb_config (config_name, config_value) VALUES ('max_sig_chars','255');
INSERT INTO phpbb_config (config_name, config_value) VALUES ('max_inbox_privmsgs','50');
INSERT INTO phpbb_config (config_name, config_value) VALUES ('max_sentbox_privmsgs','25');
INSERT INTO phpbb_config (config_name, config_value) VALUES ('max_savebox_privmsgs','50');
INSERT INTO phpbb_config (config_name, config_value) VALUES ('board_email_sig','Thanks, The Management');
INSERT INTO phpbb_config (config_name, config_value) VALUES ('board_email','youraddress@yourdomain.com');
INSERT INTO phpbb_config (config_name, config_value) VALUES ('smtp_delivery','0');
INSERT INTO phpbb_config (config_name, config_value) VALUES ('smtp_host','');
INSERT INTO phpbb_config (config_name, config_value) VALUES ('smtp_username','');
INSERT INTO phpbb_config (config_name, config_value) VALUES ('smtp_password','');
INSERT INTO phpbb_config (config_name, config_value) VALUES ('sendmail_fix','0');
INSERT INTO phpbb_config (config_name, config_value) VALUES ('require_activation','0');
INSERT INTO phpbb_config (config_name, config_value) VALUES ('flood_interval','15');
INSERT INTO phpbb_config (config_name, config_value) VALUES ('board_email_form','0');
INSERT INTO phpbb_config (config_name, config_value) VALUES ('avatar_filesize','6144');
INSERT INTO phpbb_config (config_name, config_value) VALUES ('avatar_max_width','80');
INSERT INTO phpbb_config (config_name, config_value) VALUES ('avatar_max_height','80');
INSERT INTO phpbb_config (config_name, config_value) VALUES ('avatar_path','uploads/user_avatars');
INSERT INTO phpbb_config (config_name, config_value) VALUES ('avatar_gallery_path','images/avatars');
INSERT INTO phpbb_config (config_name, config_value) VALUES ('smilies_path','images/smiles');
INSERT INTO phpbb_config (config_name, config_value) VALUES ('default_style','1');
INSERT INTO phpbb_config (config_name, config_value) VALUES ('default_dateformat','D M d, Y g:i a');
INSERT INTO phpbb_config (config_name, config_value) VALUES ('board_timezone','0');
INSERT INTO phpbb_config (config_name, config_value) VALUES ('prune_enable','1');
INSERT INTO phpbb_config (config_name, config_value) VALUES ('locked_last','0');
INSERT INTO phpbb_config (config_name, config_value) VALUES ('privmsg_disable','0');
INSERT INTO phpbb_config (config_name, config_value) VALUES ('gzip_compress','1');
INSERT INTO phpbb_config (config_name, config_value) VALUES ('coppa_fax','');
INSERT INTO phpbb_config (config_name, config_value) VALUES ('coppa_mail','');
INSERT INTO phpbb_config (config_name, config_value) VALUES ('record_online_users','0');
INSERT INTO phpbb_config (config_name, config_value) VALUES ('record_online_date','0');
INSERT INTO phpbb_config (config_name, config_value) VALUES ('server_name','www.yourdomain.com');
INSERT INTO phpbb_config (config_name, config_value) VALUES ('server_port','80');
INSERT INTO phpbb_config (config_name, config_value) VALUES ('script_path','/phpBB2/');
INSERT INTO phpbb_config (config_name, config_value) VALUES ('board_disable_text','');
INSERT INTO phpbb_config (config_name, config_value) VALUES ('board_disable_mode', '-1,0');
INSERT INTO phpbb_config (config_name, config_value) VALUES ('logo_url','index.php');
INSERT INTO phpbb_config (config_name, config_value) VALUES ('custom_overall_footer','');
INSERT INTO phpbb_config (config_name, config_value) VALUES ('custom_overall_header','');
INSERT INTO phpbb_config (config_name, config_value) VALUES ('custom_simple_footer','');
INSERT INTO phpbb_config (config_name, config_value) VALUES ('custom_simple_header','');
INSERT INTO phpbb_config (config_name, config_value) VALUES ('hidde_last_logon','0');
INSERT INTO phpbb_config (config_name, config_value) VALUES ('record_day_users','0');
INSERT INTO phpbb_config (config_name, config_value) VALUES ('record_day_date','0');
INSERT INTO phpbb_config (config_name, config_value) VALUES ('birthday_required','0');
INSERT INTO phpbb_config (config_name, config_value) VALUES ('gender_required','0');
INSERT INTO phpbb_config (config_name, config_value) VALUES ('birthday_greeting','1');
INSERT INTO phpbb_config (config_name, config_value) VALUES ('max_user_age','100');
INSERT INTO phpbb_config (config_name, config_value) VALUES ('min_user_age','5');
INSERT INTO phpbb_config (config_name, config_value) VALUES ('birthday_check_day','7');
INSERT INTO phpbb_config (config_name, config_value) VALUES ('board_sig','');
INSERT INTO phpbb_config (config_name, config_value) VALUES ('allow_photo_remote','0');
INSERT INTO phpbb_config (config_name, config_value) VALUES ('allow_photo_upload','0');
INSERT INTO phpbb_config (config_name, config_value) VALUES ('photo_filesize','6144');
INSERT INTO phpbb_config (config_name, config_value) VALUES ('photo_max_height','80');
INSERT INTO phpbb_config (config_name, config_value) VALUES ('photo_max_width','80');
INSERT INTO phpbb_config (config_name, config_value) VALUES ('photo_path','uploads/user_photos');
INSERT INTO phpbb_config (config_name, config_value) VALUES ('disable_reg_msg','');
INSERT INTO phpbb_config (config_name, config_value) VALUES ('points_reply','1');
INSERT INTO phpbb_config (config_name, config_value) VALUES ('points_topic','2');
INSERT INTO phpbb_config (config_name, config_value) VALUES ('points_post','0');
INSERT INTO phpbb_config (config_name, config_value) VALUES ('points_donate','0');
INSERT INTO phpbb_config (config_name, config_value) VALUES ('points_page', '1');
INSERT INTO phpbb_config (config_name, config_value) VALUES ('points_browse', '0');
INSERT INTO phpbb_config (config_name, config_value) VALUES ('points_name','Points');
INSERT INTO phpbb_config (config_name, config_value) VALUES ('points_user_group_auth_ids','');
INSERT INTO phpbb_config (config_name, config_value) VALUES ('points_system_version','2.1.1');
INSERT INTO phpbb_config (config_name, config_value) VALUES ('points_banner', '0');
INSERT INTO phpbb_config (config_name, config_value) VALUES ('points_default', '0');
INSERT INTO phpbb_config (config_name, config_value) VALUES ('bankinterest','2');
INSERT INTO phpbb_config (config_name, config_value) VALUES ('bankfees','2');
INSERT INTO phpbb_config (config_name, config_value) VALUES ('bankpayouttime','86400');
INSERT INTO phpbb_config (config_name, config_value) VALUES ('bankname','Bank');
INSERT INTO phpbb_config (config_name, config_value) VALUES ('bankopened','0');
INSERT INTO phpbb_config (config_name, config_value) VALUES ('banklastrestocked','0');
INSERT INTO phpbb_config (config_name, config_value) values ('bank_minwithdraw','0');
INSERT INTO phpbb_config (config_name, config_value) values ('bank_mindeposit','0');
INSERT INTO phpbb_config (config_name, config_value) values ('bank_interestcut','0');
INSERT INTO phpbb_config (config_name, config_value) VALUES ('multibuys','on');
INSERT INTO phpbb_config (config_name, config_value) VALUES ('restocks','off');
INSERT INTO phpbb_config (config_name, config_value) VALUES ('sellrate','75');
INSERT INTO phpbb_config (config_name, config_value) VALUES ('viewtopic','0');
INSERT INTO phpbb_config (config_name, config_value) VALUES ('viewprofile','images');
INSERT INTO phpbb_config (config_name, config_value) VALUES ('viewinventory','grouped');
INSERT INTO phpbb_config (config_name, config_value) VALUES ('specialshop','storedisablednameEffects Storeoff1off1off1off1off1off1off1off1off1off1off1off1off1');
INSERT INTO phpbb_config (config_name, config_value) VALUES ('viewtopiclimit','2');
INSERT INTO phpbb_config (config_name, config_value) VALUES ('shop_orderby', 'name');
INSERT INTO phpbb_config (config_name, config_value) VALUES ('shop_give', 'on');
INSERT INTO phpbb_config (config_name, config_value) VALUES ('shop_trade', 'on');
INSERT INTO phpbb_config (config_name, config_value) VALUES ('shop_invlimit', '0');
INSERT INTO phpbb_config (config_name, config_value) VALUES ('u_shops_enabled', '0');
INSERT INTO phpbb_config (config_name, config_value) VALUES ('u_shops_open_cost', '0');
INSERT INTO phpbb_config (config_name, config_value) VALUES ('u_shops_tax_percent', '1');
INSERT INTO phpbb_config (config_name, config_value) VALUES ('u_shops_max_items', '100');
INSERT INTO phpbb_config (config_name, config_value) VALUES ('max_user_bancard','10');
INSERT INTO phpbb_config (config_name, config_value) VALUES ('bluecard_limit','3');
INSERT INTO phpbb_config (config_name, config_value) VALUES ('bluecard_limit_2','1');
INSERT INTO phpbb_config (config_name, config_value) VALUES ('report_forum','0');
INSERT INTO phpbb_config (config_name, config_value) VALUES ('no_post_count_forum_id','');
INSERT INTO phpbb_config (config_name, config_value) VALUES ('smilie_columns','6');
INSERT INTO phpbb_config (config_name, config_value) VALUES ('smilie_rows','4');
INSERT INTO phpbb_config (config_name, config_value) VALUES ('smilie_max_filesize','6144');
INSERT INTO phpbb_config (config_name, config_value) VALUES ('smilie_icon_path', 'images/smiles');
INSERT INTO phpbb_config (config_name, config_value) VALUES ('smilie_posting', '1');
INSERT INTO phpbb_config (config_name, config_value) VALUES ('smilie_popup', '1');
INSERT INTO phpbb_config (config_name, config_value) VALUES ('smilie_buttons', '1');
INSERT INTO phpbb_config (config_name, config_value) VALUES ('smilie_random', '0');
INSERT INTO phpbb_config (config_name, config_value) VALUES ('smilie_removal1', '0');
INSERT INTO phpbb_config (config_name, config_value) VALUES ('smilie_removal2', '0');
INSERT INTO phpbb_config (config_name, config_value) VALUES ('smilie_usergroups', '0');
INSERT INTO phpbb_config (config_name, config_value) VALUES ('allow_avatar_sticky','0');
INSERT INTO phpbb_config (config_name, config_value) VALUES ('bb_usage_stats_enable', '0');
INSERT INTO phpbb_config (config_name, config_value) VALUES ('bb_usage_stats_prscale','1');
INSERT INTO phpbb_config (config_name, config_value) VALUES ('bb_usage_stats_specialgrp','-1');
INSERT INTO phpbb_config (config_name, config_value) VALUES ('bb_usage_stats_viewlevel','16');
INSERT INTO phpbb_config (config_name, config_value) VALUES ('bb_usage_stats_trscale','1');
INSERT INTO phpbb_config (config_name, config_value) VALUES ('referral_reward','50');
INSERT INTO phpbb_config (config_name, config_value) VALUES ('toplist_button_1','images/toplist/button.gif');
INSERT INTO phpbb_config (config_name, config_value) VALUES ('toplist_button_2','images/toplist/button.gif');
INSERT INTO phpbb_config (config_name, config_value) VALUES ('toplist_button_1_l','http://www.yourdomain.com');
INSERT INTO phpbb_config (config_name, config_value) VALUES ('toplist_button_2_l','http://www.yourdomain.com');
INSERT INTO phpbb_config (config_name, config_value) VALUES ('toplist_imge_dis','5');
INSERT INTO phpbb_config (config_name, config_value) VALUES ('toplist_view_hin_hits','1');
INSERT INTO phpbb_config (config_name, config_value) VALUES ('toplist_view_out_hits','1');
INSERT INTO phpbb_config (config_name, config_value) VALUES ('toplist_view_img_hits','1');
INSERT INTO phpbb_config (config_name, config_value) VALUES ('toplist_dimensions','');
INSERT INTO phpbb_config (config_name, config_value) VALUES ('toplist_prune_img_hits_interval','0');
INSERT INTO phpbb_config (config_name, config_value) VALUES ('toplist_prune_img_hits_last','');
INSERT INTO phpbb_config (config_name, config_value) VALUES ('toplist_prune_hin_hits_interval','0');
INSERT INTO phpbb_config (config_name, config_value) VALUES ('toplist_prune_hin_hits_last','');
INSERT INTO phpbb_config (config_name, config_value) VALUES ('toplist_prune_out_hits_interval','0');
INSERT INTO phpbb_config (config_name, config_value) VALUES ('toplist_prune_out_hits_last','');
INSERT INTO phpbb_config (config_name, config_value) VALUES ('toplist_anti_flood_out_hits_interval','0');
INSERT INTO phpbb_config (config_name, config_value) VALUES ('toplist_anti_flood_hin_hits_interval','0');
INSERT INTO phpbb_config (config_name, config_value) VALUES ('toplist_anti_flood_img_hits_interval','0');
INSERT INTO phpbb_config (config_name, config_value) VALUES ('toplist_toplist_top10','0');
INSERT INTO phpbb_config (config_name, config_value) VALUES ('toplist_count_hin_hits', '1');
INSERT INTO phpbb_config (config_name, config_value) VALUES ('toplist_count_img_hits', '1');
INSERT INTO phpbb_config (config_name, config_value) VALUES ('toplist_count_out_hits', '1');
INSERT INTO phpbb_config (config_name, config_value) VALUES ('toplist_hin_activation', '0');
INSERT INTO phpbb_config (config_name, config_value) VALUES ('toplist_version','1.3.8');
INSERT INTO phpbb_config (config_name, config_value) VALUES ('lottery_status','0');
INSERT INTO phpbb_config (config_name, config_value) VALUES ('lottery_name','Lottery');
INSERT INTO phpbb_config (config_name, config_value) VALUES ('lottery_reset','0');
INSERT INTO phpbb_config (config_name, config_value) VALUES ('lottery_base','500');
INSERT INTO phpbb_config (config_name, config_value) VALUES ('lottery_cost','1');
INSERT INTO phpbb_config (config_name, config_value) VALUES ('lottery_ticktype','0');
INSERT INTO phpbb_config (config_name, config_value) VALUES ('lottery_length','86400');
INSERT INTO phpbb_config (config_name, config_value) VALUES ('lottery_start','0');
INSERT INTO phpbb_config (config_name, config_value) VALUES ('lottery_mb','0');
INSERT INTO phpbb_config (config_name, config_value) VALUES ('lottery_mb_amount','1');
INSERT INTO phpbb_config (config_name, config_value) VALUES ('lottery_items','0');
INSERT INTO phpbb_config (config_name, config_value) VALUES ('lottery_show_entries','0');
INSERT INTO phpbb_config (config_name, config_value) VALUES ('lottery_history','1');
INSERT INTO phpbb_config (config_name, config_value) VALUES ('lottery_item_mcost','1');
INSERT INTO phpbb_config (config_name, config_value) VALUES ('lottery_item_xcost','500');
INSERT INTO phpbb_config (config_name, config_value) VALUES ('lottery_win_items','');
INSERT INTO phpbb_config (config_name, config_value) VALUES ('lottery_currency','');
INSERT INTO phpbb_config (config_name, config_value) VALUES ('lottery_random_shop','');
INSERT INTO phpbb_config (config_name, config_value) VALUES ('ina_version', '1.1.0');
INSERT INTO phpbb_config (config_name, config_value) VALUES ('ina_jackpot_pool', '0');
INSERT INTO phpbb_config (config_name, config_value) VALUES ('ina_max_gamble', '100');
INSERT INTO phpbb_config (config_name, config_value) VALUES ('ina_daily_game_id', '1');
INSERT INTO phpbb_config (config_name, config_value) VALUES ('ina_daily_game_random', '1');
INSERT INTO phpbb_config (config_name, config_value) VALUES ('ina_use_daily_game', '1');
INSERT INTO phpbb_config (config_name, config_value) VALUES ('ina_use_shoutbox', '1');
INSERT INTO phpbb_config (config_name, config_value) VALUES ('ina_force_registration', '0');
INSERT INTO phpbb_config (config_name, config_value) VALUES ('ina_email_sent', '0');
INSERT INTO phpbb_config (config_name, config_value) VALUES ('ina_rating_reward', '0');
INSERT INTO phpbb_config (config_name, config_value) VALUES ('ina_use_rating_reward', '0');
INSERT INTO phpbb_config (config_name, config_value) VALUES ('ina_trophy_king', '2');
INSERT INTO phpbb_config (config_name, config_value) VALUES ('ina_use_trophy', '1');
INSERT INTO phpbb_config (config_name, config_value) VALUES ('ina_disable_everything', '0');
INSERT INTO phpbb_config (config_name, config_value) VALUES ('ina_disable_trophy_page', '0');
INSERT INTO phpbb_config (config_name, config_value) VALUES ('ina_disable_comments_page', '0');
INSERT INTO phpbb_config (config_name, config_value) VALUES ('ina_disable_gamble_page', '0');
INSERT INTO phpbb_config (config_name, config_value) VALUES ('ina_disable_challenges_page', '0');
INSERT INTO phpbb_config (config_name, config_value) VALUES ('ina_disable_top5_page', '0');
INSERT INTO phpbb_config (config_name, config_value) VALUES ('ina_cash_name', 'Tokens');
INSERT INTO phpbb_config (config_name, config_value) VALUES ('ina_default_order', '1');
INSERT INTO phpbb_config (config_name, config_value) VALUES ('report_cheater', '0');
INSERT INTO phpbb_config (config_name, config_value) VALUES ('warn_cheater', '0');
INSERT INTO phpbb_config (config_name, config_value) VALUES ('use_gamelib', '0');
INSERT INTO phpbb_config (config_name, config_value) VALUES ('games_path', '');
INSERT INTO phpbb_config (config_name, config_value) VALUES ('gamelib_path', '');
INSERT INTO phpbb_config (config_name, config_value) VALUES ('use_gk_shop', '0');
INSERT INTO phpbb_config (config_name, config_value) VALUES ('games_per_page', '20');
INSERT INTO phpbb_config (config_name, config_value) VALUES ('ina_delete', '0');
INSERT INTO phpbb_config (config_name, config_value) VALUES ('ina_default_charge', '50');
INSERT INTO phpbb_config (config_name, config_value) VALUES ('ina_default_increment', '5');
INSERT INTO phpbb_config (config_name, config_value) VALUES ('ina_default_g_path', 'mods/games/');
INSERT INTO phpbb_config (config_name, config_value) VALUES ('ina_default_g_reward', '20');
INSERT INTO phpbb_config (config_name, config_value) VALUES ('ina_default_g_height', '400');
INSERT INTO phpbb_config (config_name, config_value) VALUES ('ina_default_g_width', '550');
INSERT INTO phpbb_config (config_name, config_value) VALUES ('ina_guest_play', '2');
INSERT INTO phpbb_config (config_name, config_value) VALUES ('ina_button_option', '2');
INSERT INTO phpbb_config (config_name, config_value) VALUES ('ina_post_block', '2');
INSERT INTO phpbb_config (config_name, config_value) VALUES ('ina_post_block_count', '10');
INSERT INTO phpbb_config (config_name, config_value) VALUES ('ina_join_block', '2');
INSERT INTO phpbb_config (config_name, config_value) VALUES ('ina_join_block_count', '14');
INSERT INTO phpbb_config (config_name, config_value) VALUES ('ina_challenge', '1');
INSERT INTO phpbb_config (config_name, config_value) VALUES ('ina_pm_trophy', '1');
INSERT INTO phpbb_config (config_name, config_value) VALUES ('ina_challenge_msg', 'Your Trophy For %g% Has Been Challenged By %n%.');
INSERT INTO phpbb_config (config_name, config_value) VALUES ('ina_challenge_sub', 'Trophy Challenge In Progress');
INSERT INTO phpbb_config (config_name, config_value) VALUES ('ina_pm_trophy_msg', '%n% Has Taken Your Trophy For %g%.');
INSERT INTO phpbb_config (config_name, config_value) VALUES ('ina_pm_trophy_sub', 'Trophy Lost!');
INSERT INTO phpbb_config (config_name, config_value) VALUES ('challenges_sent', '0');
INSERT INTO phpbb_config (config_name, config_value) VALUES ('ina_new_game_limit', '7');
INSERT INTO phpbb_config (config_name, config_value) VALUES ('ina_pop_game_limit', '5');
INSERT INTO phpbb_config (config_name, config_value) VALUES ('ina_new_game_count', '3');
INSERT INTO phpbb_config (config_name, config_value) VALUES ('ina_use_newest', '1');
INSERT INTO phpbb_config (config_name, config_value) VALUES ('ina_use_online', '1');
INSERT INTO phpbb_config (config_name, config_value) VALUES ('ina_disable_cheat', '1');
INSERT INTO phpbb_config (config_name, config_value) VALUES ('ina_show_view_profile', '1');
INSERT INTO phpbb_config (config_name, config_value) VALUES ('ina_show_view_topic', '0');
INSERT INTO phpbb_config (config_name, config_value) VALUES ('ina_hof_viewtopic', '0');
INSERT INTO phpbb_config (config_name, config_value) VALUES ('ina_use_max_games_per_day', '2');
INSERT INTO phpbb_config (config_name, config_value) VALUES ('ina_max_games_per_day', '100');
INSERT INTO phpbb_config (config_name, config_value) VALUES ('ina_max_games_per_day_date', '');
INSERT INTO phpbb_config (config_name, config_value) VALUES ('ina_disable_submit_scores_m', '0');
INSERT INTO phpbb_config (config_name, config_value) VALUES ('ina_disable_submit_scores_g', '0');
INSERT INTO phpbb_config (config_name, config_value) VALUES ('ina_char_change_char_cost', '0');
INSERT INTO phpbb_config (config_name, config_value) VALUES ('ina_char_change_gender_cost', '0');
INSERT INTO phpbb_config (config_name, config_value) VALUES ('ina_char_change_age_cost', '0');
INSERT INTO phpbb_config (config_name, config_value) VALUES ('ina_char_change_name_cost', '0');
INSERT INTO phpbb_config (config_name, config_value) VALUES ('ina_char_change_from_cost', '0');
INSERT INTO phpbb_config (config_name, config_value) VALUES ('ina_char_change_intrests_cost', '0');
INSERT INTO phpbb_config (config_name, config_value) VALUES ('ina_char_ge_per_game', '1');
INSERT INTO phpbb_config (config_name, config_value) VALUES ('ina_char_ge_per_beat_score', '2');
INSERT INTO phpbb_config (config_name, config_value) VALUES ('ina_char_ge_per_trophy', '3');
INSERT INTO phpbb_config (config_name, config_value) VALUES ('ina_char_show_viewtopic', '1');
INSERT INTO phpbb_config (config_name, config_value) VALUES ('ina_char_show_viewprofile', '1');
INSERT INTO phpbb_config (config_name, config_value) VALUES ('ina_char_change_title_cost', '0');
INSERT INTO phpbb_config (config_name, config_value) VALUES ('ina_char_change_saying_cost', '0');
INSERT INTO phpbb_config (config_name, config_value) VALUES ('ina_char_name_effects_costs', '7,5,9,3,10,20');
INSERT INTO phpbb_config (config_name, config_value) VALUES ('ina_char_title_effects_costs', '5,4,3,2,1,1');
INSERT INTO phpbb_config (config_name, config_value) VALUES ('ina_char_saying_effects_costs', '2,2,2,2,2,2');
INSERT INTO phpbb_config (config_name, config_value) VALUES ('ina_game_pass_cost', '0');
INSERT INTO phpbb_config (config_name, config_value) VALUES ('ina_game_pass_length', '5');	
INSERT INTO phpbb_config (config_name, config_value) VALUES ('ina_players_index', '0');
INSERT INTO phpbb_config (config_name, config_value) VALUES ('message_maxlength','10000');
INSERT INTO phpbb_config (config_name, config_value) VALUES ('message_minlength','2');
INSERT INTO phpbb_config (config_name, config_value) VALUES ('journal_forum_id','0');
INSERT INTO phpbb_config (config_name, config_value) VALUES ('referral_id','-1');
INSERT INTO phpbb_config (config_name, config_value) VALUES ('referral_enable','0');
INSERT INTO phpbb_config (config_name, config_value) VALUES ('referral_top_limit','5');
INSERT INTO phpbb_config (config_name, config_value) VALUES ('meta_keywords','phpBB, phpbb, best, forum');
INSERT INTO phpbb_config (config_name, config_value) VALUES ('meta_description','best phpBB forum');
INSERT INTO phpbb_config (config_name, config_value) VALUES ('meta_revisit','20');
INSERT INTO phpbb_config (config_name, config_value) VALUES ('meta_author','youraddress@yourdomain.com');
INSERT INTO phpbb_config (config_name, config_value) VALUES ('meta_owner','youraddress@yourdomain.com');
INSERT INTO phpbb_config (config_name, config_value) VALUES ('meta_distribution','global');
INSERT INTO phpbb_config (config_name, config_value) VALUES ('meta_robots','index, follow');
INSERT INTO phpbb_config (config_name, config_value) VALUES ('meta_abstract','best forum');
INSERT INTO phpbb_config (config_name, config_value) VALUES ('meta_language','en');
INSERT INTO phpbb_config (config_name, config_value) VALUES ('meta_rating','General');
INSERT INTO phpbb_config (config_name, config_value) VALUES ('meta_identifier_url', '');
INSERT INTO phpbb_config (config_name, config_value) VALUES ('meta_reply_to', 'youraddress@yourdomain.com');
INSERT INTO phpbb_config (config_name, config_value) VALUES ('meta_category', 'phpBB');
INSERT INTO phpbb_config (config_name, config_value) VALUES ('meta_copyright', '');
INSERT INTO phpbb_config (config_name, config_value) VALUES ('meta_generator', 'Fully Modded phpBB');
INSERT INTO phpbb_config (config_name, config_value) VALUES ('meta_date_revision_day', '');
INSERT INTO phpbb_config (config_name, config_value) VALUES ('meta_date_revision_month', '');
INSERT INTO phpbb_config (config_name, config_value) VALUES ('meta_date_revision_year', '');
INSERT INTO phpbb_config (config_name, config_value) VALUES ('meta_redirect_url_time', '');
INSERT INTO phpbb_config (config_name, config_value) VALUES ('meta_redirect_url_adress', '');
INSERT INTO phpbb_config (config_name, config_value) VALUES ('meta_refresh', '');
INSERT INTO phpbb_config (config_name, config_value) VALUES ('meta_pragma', 'no-cache');
INSERT INTO phpbb_config (config_name, config_value) VALUES ('visit_counter','1');
INSERT INTO phpbb_config (config_name, config_value) VALUES ('year_stars','1');
INSERT INTO phpbb_config (config_name, config_value) VALUES ('max_user_votebancard','50');
INSERT INTO phpbb_config (config_name, config_value) VALUES ('page_transition','');
INSERT INTO phpbb_config (config_name, config_value) VALUES ('debug_value','0');
INSERT INTO phpbb_config (config_name, config_value) VALUES ('debug_email','0');
INSERT INTO phpbb_config (config_name, config_value) VALUES ('default_clock','clock001.swf');
INSERT INTO phpbb_config (config_name, config_value) VALUES ('notes','20');
INSERT INTO phpbb_config (config_name, config_value) VALUES ('enable_user_notes', '0');
INSERT INTO phpbb_config (config_name, config_value) VALUES ('prune_shouts','0');
INSERT INTO phpbb_config (config_name, config_value) VALUES ('avatars_per_page', '20');
INSERT INTO phpbb_config (config_name, config_value) VALUES ('registration_notify', '0');
INSERT INTO phpbb_config (config_name, config_value) VALUES ('karma_admins', '1');
INSERT INTO phpbb_config (config_name, config_value) VALUES ('karma_flood_interval', '1');
INSERT INTO phpbb_config (config_name, config_value) VALUES ('uniquehits_time', '1440');
INSERT INTO phpbb_config (config_name, config_value) VALUES ('avatar_posts', '0');
INSERT INTO phpbb_config (config_name, config_value) VALUES ('shoutbox_enable', '0');
INSERT INTO phpbb_config (config_name, config_value) VALUES ('shoutbox_refresh_rate', '300');
INSERT INTO phpbb_config (config_name, config_value) VALUES ('shoutbox_height', '');
INSERT INTO phpbb_config (config_name, config_value) VALUES ('disable_avatar_approve', '1');
INSERT INTO phpbb_config (config_name, config_value) VALUES ('bookie_pm', '1');
INSERT INTO phpbb_config (config_name, config_value) VALUES ('bookie_edit_stake', '1');
INSERT INTO phpbb_config (config_name, config_value) VALUES ('bookie_leader', '10');
INSERT INTO phpbb_config (config_name, config_value) VALUES ('bookie_eachway', '0');
INSERT INTO phpbb_config (config_name, config_value) VALUES ('bookie_user_bets', '0');
INSERT INTO phpbb_config (config_name, config_value) VALUES ('bookie_frac_or_dec', '0');
INSERT INTO phpbb_config (config_name, config_value) VALUES ('bookie_welcome', 'Welcome to the Bookmakers');
INSERT INTO phpbb_config (config_name, config_value) VALUES ('bookie_commission', '3');
INSERT INTO phpbb_config (config_name, config_value) VALUES ('bookie_allow_commission', '0');
INSERT INTO phpbb_config (config_name, config_value) VALUES ('bookie_default_date', '');
INSERT INTO phpbb_config (config_name, config_value) VALUES ('bookie_min_bet', '');
INSERT INTO phpbb_config (config_name, config_value) VALUES ('bookie_max_bet', '');
INSERT INTO phpbb_config (config_name, config_value) VALUES ('bookie_def_cat', '1');
INSERT INTO phpbb_config (config_name, config_value) VALUES ('bookie_restrict', '0');
INSERT INTO phpbb_config (config_name, config_value) VALUES ('bookie_version', '3.0.0');
INSERT INTO phpbb_config (config_name, config_value) VALUES ('bin_forum', '0');
INSERT INTO phpbb_config (config_name, config_value) VALUES ('whosonline_time', '5');
INSERT INTO phpbb_config (config_name, config_value) VALUES ('display_last_edited', '1');
INSERT INTO phpbb_config (config_name, config_value) VALUES ('allow_custom_post_color', '0');
INSERT INTO phpbb_config (config_name, config_value) VALUES ('dbmtnc_rebuild_end', '0');
INSERT INTO phpbb_config (config_name, config_value) VALUES ('dbmtnc_rebuild_pos', '-1');
INSERT INTO phpbb_config (config_name, config_value) VALUES ('dbmtnc_rebuildcfg_maxmemory', '500');
INSERT INTO phpbb_config (config_name, config_value) VALUES ('dbmtnc_rebuildcfg_minposts', '3');
INSERT INTO phpbb_config (config_name, config_value) VALUES ('dbmtnc_rebuildcfg_php3only', '0');
INSERT INTO phpbb_config (config_name, config_value) VALUES ('dbmtnc_rebuildcfg_php3pps', '1');
INSERT INTO phpbb_config (config_name, config_value) VALUES ('dbmtnc_rebuildcfg_php4pps', '8');
INSERT INTO phpbb_config (config_name, config_value) VALUES ('dbmtnc_rebuildcfg_timelimit', '240');
INSERT INTO phpbb_config (config_name, config_value) VALUES ('dbmtnc_rebuildcfg_timeoverwrite', '0');
INSERT INTO phpbb_config (config_name, config_value) VALUES ('dbmtnc_disallow_postcounter', '0');
INSERT INTO phpbb_config (config_name, config_value) VALUES ('dbmtnc_disallow_rebuild', '0');
INSERT INTO phpbb_config (config_name, config_value) VALUES ('default_avatar_guests_url', 'images/avatars/none.gif');
INSERT INTO phpbb_config (config_name, config_value) VALUES ('default_avatar_users_url', 'images/avatars/none.gif');
INSERT INTO phpbb_config (config_name, config_value) VALUES ('default_avatar_set', '3');
INSERT INTO phpbb_config (config_name, config_value) VALUES ('newsfeed_rss', 'http://p.moreover.com/cgi-local/page?c=Webmaster%20tips&o=xml');
INSERT INTO phpbb_config (config_name, config_value) VALUES ('newsfeed_cache', 'cache');
INSERT INTO phpbb_config (config_name, config_value) VALUES ('newsfeed_cachetime', '10');
INSERT INTO phpbb_config (config_name, config_value) VALUES ('newsfeed_amt', '11');
INSERT INTO phpbb_config (config_name, config_value) VALUES ('newsfeed_field_article', 'ARTICLE');
INSERT INTO phpbb_config (config_name, config_value) VALUES ('newsfeed_field_url', 'URL');
INSERT INTO phpbb_config (config_name, config_value) VALUES ('newsfeed_field_text', 'HEADLINE_TEXT');
INSERT INTO phpbb_config (config_name, config_value) VALUES ('newsfeed_field_source', 'SOURCE');
INSERT INTO phpbb_config (config_name, config_value) VALUES ('newsfeed_field_time', 'HARVEST_TIME');
INSERT INTO phpbb_config (config_name, config_value) VALUES ('allow_karma', '0');
INSERT INTO phpbb_config (config_name, config_value) VALUES ('lexicon_title', 'Lexicon');
INSERT INTO phpbb_config (config_name, config_value) VALUES ('lexicon_description', 'A little text to describe your lexicon');
INSERT INTO phpbb_config (config_name, config_value) VALUES ('enable_module_avdelete', '0');
INSERT INTO phpbb_config (config_name, config_value) VALUES ('enable_module_backup', '0');
INSERT INTO phpbb_config (config_name, config_value) VALUES ('enable_module_disallow', '0');
INSERT INTO phpbb_config (config_name, config_value) VALUES ('enable_module_mass_email', '0');
INSERT INTO phpbb_config (config_name, config_value) VALUES ('enable_module_ranks', '0');
INSERT INTO phpbb_config (config_name, config_value) VALUES ('enable_module_smilies', '0');
INSERT INTO phpbb_config (config_name, config_value) VALUES ('enable_module_user_ban', '0');
INSERT INTO phpbb_config (config_name, config_value) VALUES ('enable_module_users', '0');
INSERT INTO phpbb_config (config_name, config_value) VALUES ('enable_module_words', '0');
INSERT INTO phpbb_config (config_name, config_value) VALUES ('shop_trans_enable', '0');
INSERT INTO phpbb_config (config_name, config_value) VALUES ('kicker_setting', '0');
INSERT INTO phpbb_config (config_name, config_value) VALUES ('kicker_view_setting', '0');
INSERT INTO phpbb_config (config_name, config_value) VALUES ('allow_invisible_link', '0');
INSERT INTO phpbb_config (config_name, config_value) VALUES ('myInfo_version', '1.0.0');
INSERT INTO phpbb_config (config_name, config_value) VALUES ('myInfo_enable', '0');
INSERT INTO phpbb_config (config_name, config_value) VALUES ('myInfo_name', 'myInfo');
INSERT INTO phpbb_config (config_name, config_value) VALUES ('myInfo_instructions', 'This is the myInfo text box.');
INSERT INTO phpbb_config (config_name, config_value) VALUES ('topic_redirect', '1');
INSERT INTO phpbb_config (config_name, config_value) VALUES ('admin_login', '1');
INSERT INTO phpbb_config (config_name, config_value) VALUES ('ad_after_post', '0');
INSERT INTO phpbb_config (config_name, config_value) VALUES ('ad_post_threshold', '');
INSERT INTO phpbb_config (config_name, config_value) VALUES ('ad_every_post', '0');
INSERT INTO phpbb_config (config_name, config_value) VALUES ('ad_who', '1');
INSERT INTO phpbb_config (config_name, config_value) VALUES ('ad_no_forums', '');
INSERT INTO phpbb_config (config_name, config_value) VALUES ('ad_no_groups', '');
INSERT INTO phpbb_config (config_name, config_value) VALUES ('ad_old_style', '0');
INSERT INTO phpbb_config (config_name, config_value) VALUES ('xs_cache_dir', 'cache/tpls');
INSERT INTO phpbb_config (config_name, config_value) VALUES ('xs_cache_dir_absolute', '0');
INSERT INTO phpbb_config (config_name, config_value) VALUES ('xs_auto_compile', '1');
INSERT INTO phpbb_config (config_name, config_value) VALUES ('xs_auto_recompile', '1');
INSERT INTO phpbb_config (config_name, config_value) VALUES ('xs_use_cache', '1');
INSERT INTO phpbb_config (config_name, config_value) VALUES ('xs_separator', '/');
INSERT INTO phpbb_config (config_name, config_value) VALUES ('xs_php', 'php');
INSERT INTO phpbb_config (config_name, config_value) VALUES ('xs_def_template', 'subSilver');
INSERT INTO phpbb_config (config_name, config_value) VALUES ('xs_use_isset', '1');
INSERT INTO phpbb_config (config_name, config_value) VALUES ('xs_check_switches', '0');
INSERT INTO phpbb_config (config_name, config_value) VALUES ('xs_version', '2');
INSERT INTO phpbb_config (config_name, config_value) VALUES ('allow_autologin', '1');
INSERT INTO phpbb_config (config_name, config_value) VALUES ('autologin_check', '0');
INSERT INTO phpbb_config (config_name, config_value) VALUES ('max_autologin_time', '0');
INSERT INTO phpbb_config (config_name, config_value) VALUES ('board_sitemap', '0');
INSERT INTO phpbb_config (config_name, config_value) VALUES ('enable_similar_topics', '0');
INSERT INTO phpbb_config (config_name, config_value) VALUES ('auction_enable', '0');
INSERT INTO phpbb_config (config_name, config_value) VALUES ('auction_ebay_user_id', 'your_ebay_user_id');
INSERT INTO phpbb_config (config_name, config_value) VALUES ('auction_enable_thumbs', '0');
INSERT INTO phpbb_config (config_name, config_value) VALUES ('auction_timezone_offset', '0');
INSERT INTO phpbb_config (config_name, config_value) VALUES ('auction_enable_ended', '-1');
INSERT INTO phpbb_config (config_name, config_value) VALUES ('auction_sort_order', '3');
INSERT INTO phpbb_config (config_name, config_value) VALUES ('auction_amt', '10');
INSERT INTO phpbb_config (config_name, config_value) VALUES ('auction_ebay_url', 'http://cgi.ebay.com');
INSERT INTO phpbb_config (config_name, config_value) VALUES ('max_login_attempts', '5');
INSERT INTO phpbb_config (config_name, config_value) VALUES ('login_reset_time', '30');
INSERT INTO phpbb_config (config_name, config_value) VALUES ('user_accounts_limit', '0');
INSERT INTO phpbb_config (config_name, config_value) VALUES ('split_global_announce', '0');
INSERT INTO phpbb_config (config_name, config_value) VALUES ('split_announce', '0');
INSERT INTO phpbb_config (config_name, config_value) VALUES ('split_sticky', '0');
INSERT INTO phpbb_config (config_name, config_value) VALUES ('enable_ip_logger', '0');
INSERT INTO phpbb_config (config_name, config_value) VALUES ('null_vote', '0');
INSERT INTO phpbb_config (config_name, config_value) VALUES ('paypal_p_acct', 'youraddress@yourdomain.com');
INSERT INTO phpbb_config (config_name, config_value) VALUES ('paypal_currency_code', 'USD');
INSERT INTO phpbb_config (config_name, config_value) VALUES ('lw_trial_period', '0');
INSERT INTO phpbb_config (config_name, config_value) VALUES ('extra_days_for_sub', '0');
INSERT INTO phpbb_config (config_name, config_value) VALUES ('search_flood_interval', '15');
INSERT INTO phpbb_config (config_name, config_value) VALUES ('rand_seed', '0');
INSERT INTO phpbb_config (config_name, config_value) VALUES ('wpm_disable', '1');
INSERT INTO phpbb_config (config_name, config_value) VALUES ('amazon_enable', '0');
INSERT INTO phpbb_config (config_name, config_value) VALUES ('amazon_username', 'your_amazon_user_id');
INSERT INTO phpbb_config (config_name, config_value) VALUES ('amazon_global_announce', '0');
INSERT INTO phpbb_config (config_name, config_value) VALUES ('amazon_announce', '0');
INSERT INTO phpbb_config (config_name, config_value) VALUES ('amazon_sticky', '0');
INSERT INTO phpbb_config (config_name, config_value) VALUES ('amazon_normal', '0');
INSERT INTO phpbb_config (config_name, config_value) VALUES ('amazon_window', '1');
INSERT INTO phpbb_config (config_name, config_value) VALUES ('amazon_country', '0');
INSERT INTO phpbb_config (config_name, config_value) VALUES ('allow_avatar_generator', '0');
INSERT INTO phpbb_config (config_name, config_value) VALUES ('avatar_generator_template_path', 'images/avatar_generator');
INSERT INTO phpbb_config (config_name, config_value) VALUES ('search_min_chars', '3');
INSERT INTO phpbb_config (config_name, config_value) VALUES ('callhome_disable', '0'); 
INSERT INTO phpbb_config (config_name, config_value) VALUES ('AJAXed_status', '0');
INSERT INTO phpbb_config (config_name, config_value) VALUES ('AJAXed_status_prem', '0');
INSERT INTO phpbb_config (config_name, config_value) VALUES ('AJAXed_inline_post_editing', '0');
INSERT INTO phpbb_config (config_name, config_value) VALUES ('AJAXed_inline_post_editing_prem', '0');
INSERT INTO phpbb_config (config_name, config_value) VALUES ('AJAXed_post_title', '0');
INSERT INTO phpbb_config (config_name, config_value) VALUES ('AJAXed_post_ip', '0');
INSERT INTO phpbb_config (config_name, config_value) VALUES ('AJAXed_post_menu', '0');
INSERT INTO phpbb_config (config_name, config_value) VALUES ('AJAXed_poll_menu', '0');
INSERT INTO phpbb_config (config_name, config_value) VALUES ('AJAXed_poll_title', '0');
INSERT INTO phpbb_config (config_name, config_value) VALUES ('AJAXed_poll_options', '0');
INSERT INTO phpbb_config (config_name, config_value) VALUES ('AJAXed_post_preview', '0');
INSERT INTO phpbb_config (config_name, config_value) VALUES ('AJAXed_pm_preview', '0');
INSERT INTO phpbb_config (config_name, config_value) VALUES ('AJAXed_user_list', '0'); 
INSERT INTO phpbb_config (config_name, config_value) VALUES ('AJAXed_user_list_number', '30');
INSERT INTO phpbb_config (config_name, config_value) VALUES ('AJAXed_forum_delete', '0');
INSERT INTO phpbb_config (config_name, config_value) VALUES ('AJAXed_display_delete', '0');
INSERT INTO phpbb_config (config_name, config_value) VALUES ('AJAXed_forum_move', '0');
INSERT INTO phpbb_config (config_name, config_value) VALUES ('AJAXed_display_move', '0');
INSERT INTO phpbb_config (config_name, config_value) VALUES ('AJAXed_forum_lock', '0');
INSERT INTO phpbb_config (config_name, config_value) VALUES ('AJAXed_post_delete', '0');
INSERT INTO phpbb_config (config_name, config_value) VALUES ('AJAXed_topic_delete', '0');
INSERT INTO phpbb_config (config_name, config_value) VALUES ('AJAXed_topic_move', '0');
INSERT INTO phpbb_config (config_name, config_value) VALUES ('AJAXed_topic_lock', '0');
INSERT INTO phpbb_config (config_name, config_value) VALUES ('AJAXed_topic_watch', '0');
INSERT INTO phpbb_config (config_name, config_value) VALUES ('AJAXed_username_check', '0');
INSERT INTO phpbb_config (config_name, config_value) VALUES ('AJAXed_password_check', '0');
INSERT INTO phpbb_config (config_name, config_value) VALUES ('limit_username_min_length', '2');
INSERT INTO phpbb_config (config_name, config_value) VALUES ('limit_username_max_length', '25');
INSERT INTO phpbb_config (config_name, config_value) VALUES ('pass_gen_length', '6');
INSERT INTO phpbb_config (config_name, config_value) VALUES ('pass_gen_enable', '0');
INSERT INTO phpbb_config (config_name, config_value) VALUES ('pass_gen_alphanumerical', '1');
INSERT INTO phpbb_config (config_name, config_value) VALUES ('pass_gen_uppercase', '1');
INSERT INTO phpbb_config (config_name, config_value) VALUES ('pass_gen_lowercase', '1');
INSERT INTO phpbb_config (config_name, config_value) VALUES ('pass_gen_specialchars', '1');
INSERT INTO phpbb_config (config_name, config_value) VALUES ('pass_gen_numbers', '1');
INSERT INTO phpbb_config (config_name, config_value) VALUES ('enable_spellcheck', '0');
INSERT INTO phpbb_config (config_name, config_value) VALUES ('privmsg_newuser_disable','1');
INSERT INTO phpbb_config (config_name, config_value) VALUES ('jobs_status', '0');
INSERT INTO phpbb_config (config_name, config_value) VALUES ('jobs_limit', '2');
INSERT INTO phpbb_config (config_name, config_value) VALUES ('jobs_pay_type', '0');
INSERT INTO phpbb_config (config_name, config_value) VALUES ('jobs_index_body', '0');
INSERT INTO phpbb_config (config_name, config_value) VALUES ('jobs_viewtopic', '0');
INSERT INTO phpbb_config (config_name, config_value) VALUES ('capitalization', '0');
INSERT INTO phpbb_config (config_name, config_value) VALUES ('gender_index', '0');
INSERT INTO phpbb_config (config_name, config_value) VALUES ('chat_index', '0');
INSERT INTO phpbb_config (config_name, config_value) VALUES ('enable_quick_reply', '0');
INSERT INTO phpbb_config (config_name, config_value) VALUES ('post_edit_time_limit', '-1');
INSERT INTO phpbb_config (config_name, config_value) VALUES ('ftr_msg', 'Sorry *u*, you need to read our topic: "*t*" for new users. After you read it, you can proceed to browse our posts normally. Please click *l* to view the post.');
INSERT INTO phpbb_config (config_name, config_value) VALUES ('ftr_topic', '1');
INSERT INTO phpbb_config (config_name, config_value) VALUES ('ftr_active', '0');
INSERT INTO phpbb_config (config_name, config_value) VALUES ('ftr_who', '1');
INSERT INTO phpbb_config (config_name, config_value) VALUES ('stop_bumping', '0');
INSERT INTO phpbb_config (config_name, config_value) VALUES ('avatar_voting_viewtopic', '0');
INSERT INTO phpbb_config (config_name, config_value) VALUES ('avatar_toplist', '0');
INSERT INTO phpbb_config (config_name, config_value) VALUES ('enable_autobackup', '0');
INSERT INTO phpbb_config (config_name, config_value) VALUES ('dislay_x_donors', '10');
INSERT INTO phpbb_config (config_name, config_value) VALUES ('donate_start_time', '');
INSERT INTO phpbb_config (config_name, config_value) VALUES ('donate_end_time', '');
INSERT INTO phpbb_config (config_name, config_value) VALUES ('donate_cur_goal', '0');
INSERT INTO phpbb_config (config_name, config_value) VALUES ('donate_description', '');
INSERT INTO phpbb_config (config_name, config_value) VALUES ('donate_to_points', '0');
INSERT INTO phpbb_config (config_name, config_value) VALUES ('paypal_b_acct', 'youraddress@yourdomain.com');
INSERT INTO phpbb_config (config_name, config_value) VALUES ('donate_to_posts', '0');
INSERT INTO phpbb_config (config_name, config_value) VALUES ('list_top_donors', '0');
INSERT INTO phpbb_config (config_name, config_value) VALUES ('donate_to_grp_one', '0');
INSERT INTO phpbb_config (config_name, config_value) VALUES ('to_grp_one_amount', '0');
INSERT INTO phpbb_config (config_name, config_value) VALUES ('donate_to_grp_two', '0');
INSERT INTO phpbb_config (config_name, config_value) VALUES ('to_grp_two_amount', '0');
INSERT INTO phpbb_config (config_name, config_value) VALUES ('donor_rank_id', '0');
INSERT INTO phpbb_config (config_name, config_value) VALUES ('donate_currencies', '');
INSERT INTO phpbb_config (config_name, config_value) VALUES ('usd_to_primary', '0');
INSERT INTO phpbb_config (config_name, config_value) VALUES ('eur_to_primary', '0');
INSERT INTO phpbb_config (config_name, config_value) VALUES ('gbp_to_primary', '0');
INSERT INTO phpbb_config (config_name, config_value) VALUES ('cad_to_primary', '0');
INSERT INTO phpbb_config (config_name, config_value) VALUES ('jpy_to_primary', '0');
INSERT INTO phpbb_config (config_name, config_value) VALUES ('gender_viewtopic', '0');
INSERT INTO phpbb_config (config_name, config_value) VALUES ('birthday_viewtopic', '0');
INSERT INTO phpbb_config (config_name, config_value) VALUES ('usertime_viewtopic', '0');
INSERT INTO phpbb_config (config_name, config_value) VALUES ('viewtopic_extrastats', '0');
INSERT INTO phpbb_config (config_name, config_value) VALUES ('viewtopic_memnum', '0');
INSERT INTO phpbb_config (config_name, config_value) VALUES ('viewtopic_yearstars', '0');
INSERT INTO phpbb_config (config_name, config_value) VALUES ('viewtopic_flag', '0');
INSERT INTO phpbb_config (config_name, config_value) VALUES ('viewtopic_usergroups', '0');
INSERT INTO phpbb_config (config_name, config_value) VALUES ('viewtopic_buddyimg', '0');
INSERT INTO phpbb_config (config_name, config_value) VALUES ('points_viewtopic', '0');
INSERT INTO phpbb_config (config_name, config_value) VALUES ('collapse_userinfo', '0');
INSERT INTO phpbb_config (config_name, config_value) VALUES ('viewtopic_style', '0');
INSERT INTO phpbb_config (config_name, config_value) VALUES ('viewtopic_viewpost', '0');
INSERT INTO phpbb_config (config_name, config_value) VALUES ('viewtopic_downpost', '0');
INSERT INTO phpbb_config (config_name, config_value) VALUES ('enable_bancards', '0');
INSERT INTO phpbb_config (config_name, config_value) VALUES ('enable_kicker', '0');
INSERT INTO phpbb_config (config_name, config_value) VALUES ('viewtopic_status', '0');
INSERT INTO phpbb_config (config_name, config_value) VALUES ('viewtopic_editdate', '0');
INSERT INTO phpbb_config (config_name, config_value) VALUES ('daily_post_limit', '0');
INSERT INTO phpbb_config (config_name, config_value) VALUES ('visit_counter_index', '0');
INSERT INTO phpbb_config (config_name, config_value) VALUES ('viewtopic_profilephoto', '0');
INSERT INTO phpbb_config (config_name, config_value) VALUES ('wrap_enable', '0');
INSERT INTO phpbb_config (config_name, config_value) VALUES ('wrap_min', '50');
INSERT INTO phpbb_config (config_name, config_value) VALUES ('wrap_max', '99');
INSERT INTO phpbb_config (config_name, config_value) VALUES ('wrap_def', '80');
INSERT INTO phpbb_config (config_name, config_value) VALUES ('reduce_posted_imgs', '0');
INSERT INTO phpbb_config (config_name, config_value) VALUES ('news_block','Your news text');
INSERT INTO phpbb_config (config_name, config_value) VALUES ('news_title','Your News Title');
INSERT INTO phpbb_config (config_name, config_value) VALUES ('news_style','marquee');
INSERT INTO phpbb_config (config_name, config_value) VALUES ('news_bold','B');
INSERT INTO phpbb_config (config_name, config_value) VALUES ('news_ital','none');
INSERT INTO phpbb_config (config_name, config_value) VALUES ('news_under','none');
INSERT INTO phpbb_config (config_name, config_value) VALUES ('news_size','12');
INSERT INTO phpbb_config (config_name, config_value) VALUES ('scroll_speed','5');
INSERT INTO phpbb_config (config_name, config_value) VALUES ('scroll_action','left');
INSERT INTO phpbb_config (config_name, config_value) VALUES ('scroll_behavior','scroll');
INSERT INTO phpbb_config (config_name, config_value) VALUES ('scroll_size','100%');
INSERT INTO phpbb_config (config_name, config_value) VALUES ('kb_approve_new', '1');
INSERT INTO phpbb_config (config_name, config_value) VALUES ('kb_approve_edit', '1');
INSERT INTO phpbb_config (config_name, config_value) VALUES ('kb_allow_new', '1');
INSERT INTO phpbb_config (config_name, config_value) VALUES ('kb_allow_edit', '1');
INSERT INTO phpbb_config (config_name, config_value) VALUES ('kb_notify', '1');
INSERT INTO phpbb_config (config_name, config_value) VALUES ('kb_admin_id', '2');
INSERT INTO phpbb_config (config_name, config_value) VALUES ('kb_show_pt', '0');
INSERT INTO phpbb_config (config_name, config_value) VALUES ('kb_pt_body', 'Please check your references and include as much information as you can.');
INSERT INTO phpbb_config (config_name, config_value) VALUES ('kb_forum_id', '1');
INSERT INTO phpbb_config (config_name, config_value) VALUES ('kb_comments', '1');
INSERT INTO phpbb_config (config_name, config_value) VALUES ('kb_allow_anon', '0');
INSERT INTO phpbb_config (config_name, config_value) VALUES ('kb_del_topic', '1');
INSERT INTO phpbb_config (config_name, config_value) VALUES ('jump_to_topic', '0');
INSERT INTO phpbb_config (config_name, config_value) VALUES ('shoutbox_position', '0');
INSERT INTO phpbb_config (config_name, config_value) VALUES ('forum_module_disable', '0');
INSERT INTO phpbb_config (config_name, config_value) VALUES ('forum_module_width', '180');
INSERT INTO phpbb_config (config_name, config_value) VALUES ('forum_module_glance', '0');
INSERT INTO phpbb_config (config_name, config_value) VALUES ('glance_forum_id', '1');
INSERT INTO phpbb_config (config_name, config_value) VALUES ('glance_forum_news_title', 'Important News');
INSERT INTO phpbb_config (config_name, config_value) VALUES ('glance_forum_discuss_title', 'Recent Discussions');
INSERT INTO phpbb_config (config_name, config_value) VALUES ('forum_module_calendar', '0');
INSERT INTO phpbb_config (config_name, config_value) VALUES ('forum_module_birthday', '0');
INSERT INTO phpbb_config (config_name, config_value) VALUES ('forum_module_photo', '0');
INSERT INTO phpbb_config (config_name, config_value) VALUES ('forum_module_newsbar', '0');
INSERT INTO phpbb_config (config_name, config_value) VALUES ('forum_module_links', '0');
INSERT INTO phpbb_config (config_name, config_value) VALUES ('forum_module_weather', '0');
INSERT INTO phpbb_config (config_name, config_value) VALUES ('forum_module_clock', '0');
INSERT INTO phpbb_config (config_name, config_value) VALUES ('forum_module_quote', '0');
INSERT INTO phpbb_config (config_name, config_value) VALUES ('glance_news_num', '5');
INSERT INTO phpbb_config (config_name, config_value) VALUES ('glance_recent_num', '5');
INSERT INTO phpbb_config (config_name, config_value) VALUES ('forum_module_karma', '0');
INSERT INTO phpbb_config (config_name, config_value) VALUES ('forum_module_newusers', '0');
INSERT INTO phpbb_config (config_name, config_value) VALUES ('forum_module_topposters', '0');
INSERT INTO phpbb_config (config_name, config_value) VALUES ('forum_module_points', '0');
INSERT INTO phpbb_config (config_name, config_value) VALUES ('forum_module_dloads', '0');
INSERT INTO phpbb_config (config_name, config_value) VALUES ('forum_module_randomuser', '0');
INSERT INTO phpbb_config (config_name, config_value) VALUES ('forum_module_game', '0');
INSERT INTO phpbb_config (config_name, config_value) VALUES ('forum_module_wallpaper', '0');
INSERT INTO phpbb_config (config_name, config_value) VALUES ('glance_news_scroll', '0');
INSERT INTO phpbb_config (config_name, config_value) VALUES ('glance_recent_scroll', '0');
INSERT INTO phpbb_config (config_name, config_value) VALUES ('forum_module_donors', '0');
INSERT INTO phpbb_config (config_name, config_value) VALUES ('search_enable', '1');
INSERT INTO phpbb_config (config_name, config_value) VALUES ('search_footer', '0');
INSERT INTO phpbb_config (config_name, config_value) VALUES ('search_forum', '0');
INSERT INTO phpbb_config (config_name, config_value) VALUES ('post_images_max_width', '400');
INSERT INTO phpbb_config (config_name, config_value) VALUES ('post_images_max_height', '300');
INSERT INTO phpbb_config (config_name, config_value) VALUES ('post_images_max_limit', '3');
INSERT INTO phpbb_config (config_name, config_value) VALUES ('board_hits', '0');
INSERT INTO phpbb_config (config_name, config_value) VALUES ('board_serverload', '0');
INSERT INTO phpbb_config (config_name, config_value) VALUES ('profile_show_sig', '0');
INSERT INTO phpbb_config (config_name, config_value) VALUES ('max_sig_lines', '4');
INSERT INTO phpbb_config (config_name, config_value) VALUES ('index_new_reg_users', '0');
INSERT INTO phpbb_config (config_name, config_value) VALUES ('reduce_bbcode_imgs', '0');
INSERT INTO phpbb_config (config_name, config_value) VALUES ('sig_images_max_limit', '1');
INSERT INTO phpbb_config (config_name, config_value) VALUES ('sig_images_max_width', '400');
INSERT INTO phpbb_config (config_name, config_value) VALUES ('sig_images_max_height', '300');
INSERT INTO phpbb_config (config_name, config_value) VALUES ('index_active_in_forum', '0');
INSERT INTO phpbb_config (config_name, config_value) VALUES ('vip_enable', '1');
INSERT INTO phpbb_config (config_name, config_value) VALUES ('vip_code', '2486');
INSERT INTO phpbb_config (config_name, config_value) VALUES ('enable_mod_logger', '0');
INSERT INTO phpbb_config (config_name, config_value) VALUES ('enable_topic_view_users', '0');
INSERT INTO phpbb_config (config_name, config_value) VALUES ('enable_tellafriend', '0');
INSERT INTO phpbb_config (config_name, config_value) VALUES ('ts_sitetitle', 'Teamspeak');
INSERT INTO phpbb_config (config_name, config_value) VALUES ('ts_serveraddress', '127.0.0.1');
INSERT INTO phpbb_config (config_name, config_value) VALUES ('ts_serverqueryport', '51234');
INSERT INTO phpbb_config (config_name, config_value) VALUES ('ts_serverudpport', '8767');
INSERT INTO phpbb_config (config_name, config_value) VALUES ('ts_refreshtime', '300');
INSERT INTO phpbb_config (config_name, config_value) VALUES ('ts_serverpasswort', 'password');
INSERT INTO phpbb_config (config_name, config_value) VALUES ('forum_module_teamspeak', '0');				
INSERT INTO phpbb_config (config_name, config_value) VALUES ('enable_coppa', '0');
INSERT INTO phpbb_config (config_name, config_value) VALUES ('enable_avatar_register', '0');
INSERT INTO phpbb_config (config_name, config_value) VALUES ('enable_http_referrers', '0');
INSERT INTO phpbb_config (config_name, config_value) VALUES ('minical_upcoming', '0');
INSERT INTO phpbb_config (config_name, config_value) VALUES ('minical_event_lmt', '5');
INSERT INTO phpbb_config (config_name, config_value) VALUES ('minical_search', 'POSTS');
INSERT INTO phpbb_config (config_name, config_value) VALUES ('enable_ignore_sigav', '0');
INSERT INTO phpbb_config (config_name, config_value) VALUES ('all_admin', '0');
INSERT INTO phpbb_config (config_name, config_value) VALUES ('referral_viewtopic', '0');
INSERT INTO phpbb_config (config_name, config_value) VALUES ('hl_enable', '0');
INSERT INTO phpbb_config (config_name, config_value) VALUES ('hl_necessary_post_number', '0');
INSERT INTO phpbb_config (config_name, config_value) VALUES ('hl_mods_priority', '1');
INSERT INTO phpbb_config (config_name, config_value) VALUES ('ts_winheight', '');
INSERT INTO phpbb_config (config_name, config_value) VALUES ('vote_min_posts', '0');
INSERT INTO phpbb_config (config_name, config_value) VALUES ('enable_quick_titles', '0');
INSERT INTO phpbb_config (config_name, config_value) VALUES ('mods_viewips', '0');
INSERT INTO phpbb_config (config_name, config_value) VALUES ('admin_auto_delete_days', '999');
INSERT INTO phpbb_config (config_name, config_value) VALUES ('admin_auto_delete_days_inactive', '999');
INSERT INTO phpbb_config (config_name, config_value) VALUES ('admin_auto_delete_inactive', '0');
INSERT INTO phpbb_config (config_name, config_value) VALUES ('admin_auto_delete_non_visit', '0');
INSERT INTO phpbb_config (config_name, config_value) VALUES ('admin_auto_delete_total', '0');
INSERT INTO phpbb_config (config_name, config_value) VALUES ('admin_auto_delete_minutes', '1440');
INSERT INTO phpbb_config (config_name, config_value) VALUES ('last_auto_delete_users_attempt', '0');
INSERT INTO phpbb_config (config_name, config_value) VALUES ('admin_auto_delete_days_no_post', '999');
INSERT INTO phpbb_config (config_name, config_value) VALUES ('admin_auto_delete_no_post', '0');
INSERT INTO phpbb_config (config_name, config_value) VALUES ('stat_return_limit','10');
INSERT INTO phpbb_config (config_name, config_value) VALUES ('stat_page_views','0');
INSERT INTO phpbb_config (config_name, config_value) VALUES ('stat_index', '0');
INSERT INTO phpbb_config (config_name, config_value) VALUES ('stat_all_or_one', '0');
INSERT INTO phpbb_config (config_name, config_value) VALUES ('password_update_days', '0');
INSERT INTO phpbb_config (config_name, config_value) VALUES ('index_groups', '0');
INSERT INTO phpbb_config (config_name, config_value) VALUES ('auto_group_id', '0');
INSERT INTO phpbb_config (config_name, config_value) VALUES ('enable_bot_tracking', '0');
INSERT INTO phpbb_config (config_name, config_value) VALUES ('enable_bot_email', '0');
INSERT INTO phpbb_config (config_name, config_value) VALUES ('enable_bots_whosonline', '0');
INSERT INTO phpbb_config (config_name, config_value) VALUES ('user_prune_notify', '1');
INSERT INTO phpbb_config (config_name, config_value) VALUES ('gzip_level', '9');
INSERT INTO phpbb_config (config_name, config_value) VALUES ('allow_medal_display_viewtopic', '0');
INSERT INTO phpbb_config (config_name, config_value) VALUES ('allow_medal_display_viewprofile', '0');
INSERT INTO phpbb_config (config_name, config_value) VALUES ('medal_display_row', '1');
INSERT INTO phpbb_config (config_name, config_value) VALUES ('medal_display_col', '1');
INSERT INTO phpbb_config (config_name, config_value) VALUES ('medal_display_width', '');
INSERT INTO phpbb_config (config_name, config_value) VALUES ('medal_display_height', '');
INSERT INTO phpbb_config (config_name, config_value) VALUES ('medal_display_order', '');
INSERT INTO phpbb_config (config_name, config_value) VALUES ('viewprofile_profilephoto', '0');
INSERT INTO phpbb_config (config_name, config_value) VALUES ('disable_topic_watching', '1');
INSERT INTO phpbb_config (config_name, config_value) VALUES ('missing_bbcode_imgs', '0');
INSERT INTO phpbb_config (config_name, config_value) VALUES ('charts_week_num', '1');
INSERT INTO phpbb_config (config_name, config_value) VALUES ('subchk_enable', '0');
INSERT INTO phpbb_config (config_name, config_value) VALUES ('subchk_bypass', '1');
INSERT INTO phpbb_config (config_name, config_value) VALUES ('subchk_strict', '0');
INSERT INTO phpbb_config (config_name, config_value) VALUES ('subchk_locked', '1');
INSERT INTO phpbb_config (config_name, config_value) VALUES ('subchk_limit', '5');
INSERT INTO phpbb_config (config_name, config_value) VALUES ('subchk_admin', '0');
INSERT INTO phpbb_config (config_name, config_value) VALUES ('subchk_mod', '0');
INSERT INTO phpbb_config (config_name, config_value) VALUES ('subchk_postcount', '0');
INSERT INTO phpbb_config (config_name, config_value) VALUES ('forum_module_shoutcast', '0');				
INSERT INTO phpbb_config (config_name, config_value) VALUES ('forum_module_shoutcast_height', '');
INSERT INTO phpbb_config (config_name, config_value) VALUES ('shoutcast_server', '');
INSERT INTO phpbb_config (config_name, config_value) VALUES ('shoutcast_port', '');
INSERT INTO phpbb_config (config_name, config_value) VALUES ('shoutcast_pass', '');
INSERT INTO phpbb_config (config_name, config_value) VALUES ('privmsg_self', '1');

# -- Config nav
INSERT INTO phpbb_config_nav (navlink_id, img, alt, use_lang, url, nav_order, value) VALUES (1, 'icon_mini_portal.gif','Portal', 1, 'portal.php', 10, 0);
INSERT INTO phpbb_config_nav (navlink_id, img, alt, use_lang, url, nav_order, value) VALUES (2, 'icon_mini_forums.gif', 'Board', 1, 'index.php', 20, 0);
INSERT INTO phpbb_config_nav (navlink_id, img, alt, use_lang, url, nav_order, value) VALUES (3, 'icon_mini_faq.gif', 'FAQ', 1, 'faq.php', 30, 1);
INSERT INTO phpbb_config_nav (navlink_id, img, alt, use_lang, url, nav_order, value) VALUES (4, 'icon_mini_calendar.gif', 'Calendar', 1, 'calendar.php', 40, 0);
INSERT INTO phpbb_config_nav (navlink_id, img, alt, use_lang, url, nav_order, value) VALUES (5, 'icon_mini_imlist.gif', 'IM List', 1, 'imlist.php', 50, 0);
INSERT INTO phpbb_config_nav (navlink_id, img, alt, use_lang, url, nav_order, value) VALUES (6, 'icon_mini_album.gif', 'Album', 1, 'album.php', 60, 0);
INSERT INTO phpbb_config_nav (navlink_id, img, alt, use_lang, url, nav_order, value) VALUES (7, 'icon_mini_charts.gif', 'Charts', 1, 'charts.php', 70, 0);
INSERT INTO phpbb_config_nav (navlink_id, img, alt, use_lang, url, nav_order, value) VALUES (8, 'icon_mini_smilies.gif', 'Smilies', 1, 'smilies.php', 80, 0);
INSERT INTO phpbb_config_nav (navlink_id, img, alt, use_lang, url, nav_order, value) VALUES (9, 'icon_mini_groups.gif', 'Groups', 1, 'groupcp.php', 90, 1);
INSERT INTO phpbb_config_nav (navlink_id, img, alt, use_lang, url, nav_order, value) VALUES (10, 'icon_mini_members.gif', 'Toplist', 1, 'toplist.php', 100, 0);
INSERT INTO phpbb_config_nav (navlink_id, img, alt, use_lang, url, nav_order, value) VALUES (11, 'icon_mini_links.gif', 'Links', 1, 'linkdb.php', 110, 0);
INSERT INTO phpbb_config_nav (navlink_id, img, alt, use_lang, url, nav_order, value) VALUES (12, 'icon_mini_download.gif', 'Downloads', 1, 'dload.php', 120, 0);
INSERT INTO phpbb_config_nav (navlink_id, img, alt, use_lang, url, nav_order, value) VALUES (13, 'icon_mini_ratings.gif', 'Ratings', 1, 'ratings.php', 130, 0);
INSERT INTO phpbb_config_nav (navlink_id, img, alt, use_lang, url, nav_order, value) VALUES (14, 'icon_mini_statistics.gif', 'Statistics', 1, 'statistics.php', 140, 0);
INSERT INTO phpbb_config_nav (navlink_id, img, alt, use_lang, url, nav_order, value) VALUES (15, 'icon_mini_ban.gif', 'Banlist', 1, 'banlist.php', 150, 0);
INSERT INTO phpbb_config_nav (navlink_id, img, alt, use_lang, url, nav_order, value) VALUES (16, 'icon_mini_staff.gif', 'Staff', 1, 'staff.php', 160, 0);
INSERT INTO phpbb_config_nav (navlink_id, img, alt, use_lang, url, nav_order, value) VALUES (17, 'icon_mini_radio.gif', 'Radio', 1, '#', 170, 0);
INSERT INTO phpbb_config_nav (navlink_id, img, alt, use_lang, url, nav_order, value) VALUES (18, 'icon_mini_members.gif', 'Referrals', 1, 'top_referrals.php', 180, 0);
INSERT INTO phpbb_config_nav (navlink_id, img, alt, use_lang, url, nav_order, value) VALUES (19, 'icon_mini_games.gif', 'Games', 1, 'activity.php', 190, 0);
INSERT INTO phpbb_config_nav (navlink_id, img, alt, use_lang, url, nav_order, value) VALUES (20, 'icon_mini_shop.gif', 'Shop', 1, 'shop.php', 200, 0);
INSERT INTO phpbb_config_nav (navlink_id, img, alt, use_lang, url, nav_order, value) VALUES (21, 'icon_mini_faq.gif', 'Tour', 1, 'javascript:tour()', 210, 0);
INSERT INTO phpbb_config_nav (navlink_id, img, alt, use_lang, url, nav_order, value) VALUES (22, 'icon_mini_staff.gif', 'Helpdesk', 1, 'helpdesk.php', 220, 0);
INSERT INTO phpbb_config_nav (navlink_id, img, alt, use_lang, url, nav_order, value) VALUES (23, 'icon_mini_bank.gif', 'Bookmakers', 1, 'bookies.php', 230, 0);
INSERT INTO phpbb_config_nav (navlink_id, img, alt, use_lang, url, nav_order, value) VALUES (24, 'icon_mini_forums.gif', 'Guestbook', 1, 'guestbook.php', 240, 0);
INSERT INTO phpbb_config_nav (navlink_id, img, alt, use_lang, url, nav_order, value) VALUES (25, 'icon_mini_members.gif', 'Members', 1, 'memberlist.php', 250, 1);
INSERT INTO phpbb_config_nav (navlink_id, img, alt, use_lang, url, nav_order, value) VALUES (26, 'icon_mini_faq.gif', 'Knowledge Base', 1, 'kb.php', 260, 0);
INSERT INTO phpbb_config_nav (navlink_id, img, alt, use_lang, url, nav_order, value) VALUES (27, 'icon_mini_faq.gif', 'Lexicon', 1, 'lexicon.php', 270, 0);
INSERT INTO phpbb_config_nav (navlink_id, img, alt, use_lang, url, nav_order, value) VALUES (28, 'icon_mini_medal.gif', 'Medals', 1, 'medals.php', 280, 0);

# -- Digests Config
INSERT INTO phpbb_digests_config (config_name, config_value) VALUES ('activity_threshold', '90');
INSERT INTO phpbb_digests_config (config_name, config_value) VALUES ('allow_daily', '1');
INSERT INTO phpbb_digests_config (config_name, config_value) VALUES ('allow_direct_run', '0');
INSERT INTO phpbb_digests_config (config_name, config_value) VALUES ('allow_exclude', '0');
INSERT INTO phpbb_digests_config (config_name, config_value) VALUES ('allow_hours1', '0');
INSERT INTO phpbb_digests_config (config_name, config_value) VALUES ('allow_hours2', '0');
INSERT INTO phpbb_digests_config (config_name, config_value) VALUES ('allow_hours4', '0');
INSERT INTO phpbb_digests_config (config_name, config_value) VALUES ('allow_hours6', '0');
INSERT INTO phpbb_digests_config (config_name, config_value) VALUES ('allow_hours8', '0');
INSERT INTO phpbb_digests_config (config_name, config_value) VALUES ('allow_hours12', '0');
INSERT INTO phpbb_digests_config (config_name, config_value) VALUES ('allow_monthly', '0');
INSERT INTO phpbb_digests_config (config_name, config_value) VALUES ('allow_urgent', '0');
INSERT INTO phpbb_digests_config (config_name, config_value) VALUES ('allow_weekly', '1');
INSERT INTO phpbb_digests_config (config_name, config_value) VALUES ('auto_subscribe', '0');
INSERT INTO phpbb_digests_config (config_name, config_value) VALUES ('auto_subscribe_group', '0');
INSERT INTO phpbb_digests_config (config_name, config_value) VALUES ('check_user_activity', '0');
INSERT INTO phpbb_digests_config (config_name, config_value) VALUES ('default_format', '1');
INSERT INTO phpbb_digests_config (config_name, config_value) VALUES ('default_frequency', '24');
INSERT INTO phpbb_digests_config (config_name, config_value) VALUES ('default_new_only', '1');
INSERT INTO phpbb_digests_config (config_name, config_value) VALUES ('default_send_on_no_messages', '0');
INSERT INTO phpbb_digests_config (config_name, config_value) VALUES ('default_show_mine', '0');
INSERT INTO phpbb_digests_config (config_name, config_value) VALUES ('default_show_text', '1');
INSERT INTO phpbb_digests_config (config_name, config_value) VALUES ('default_text_length_type', '1');
INSERT INTO phpbb_digests_config (config_name, config_value) VALUES ('digest_date_format', 'D d-M-Y \a\t H:i:s');
INSERT INTO phpbb_digests_config (config_name, config_value) VALUES ('digest_disable_group', '1');
INSERT INTO phpbb_digests_config (config_name, config_value) VALUES ('digest_disable_user', '1');
INSERT INTO phpbb_digests_config (config_name, config_value) VALUES ('digest_logging', '0');
INSERT INTO phpbb_digests_config (config_name, config_value) VALUES ('digest_subject', '');
INSERT INTO phpbb_digests_config (config_name, config_value) VALUES ('digest_theme', '1');
INSERT INTO phpbb_digests_config (config_name, config_value) VALUES ('digest_version', '1.3.4');
INSERT INTO phpbb_digests_config (config_name, config_value) VALUES ('direct_password', '');
INSERT INTO phpbb_digests_config (config_name, config_value) VALUES ('home_page', 'index');
INSERT INTO phpbb_digests_config (config_name, config_value) VALUES ('log_days', '8');
INSERT INTO phpbb_digests_config (config_name, config_value) VALUES ('monthly_day', '28');
INSERT INTO phpbb_digests_config (config_name, config_value) VALUES ('new_sign_up', '0');
INSERT INTO phpbb_digests_config (config_name, config_value) VALUES ('override_theme', '1');
INSERT INTO phpbb_digests_config (config_name, config_value) VALUES ('pm_notify', '0');
INSERT INTO phpbb_digests_config (config_name, config_value) VALUES ('pm_display', '0');
INSERT INTO phpbb_digests_config (config_name, config_value) VALUES ('run_urgent_only', '1');
INSERT INTO phpbb_digests_config (config_name, config_value) VALUES ('run_time', '18');
INSERT INTO phpbb_digests_config (config_name, config_value) VALUES ('short_text_length', '150');
INSERT INTO phpbb_digests_config (config_name, config_value) VALUES ('show_forum_description', '0');
INSERT INTO phpbb_digests_config (config_name, config_value) VALUES ('show_ip', '0');
INSERT INTO phpbb_digests_config (config_name, config_value) VALUES ('show_stats', '1');
INSERT INTO phpbb_digests_config (config_name, config_value) VALUES ('supress_cron_output', '0');
INSERT INTO phpbb_digests_config (config_name, config_value) VALUES ('test_mode', '1');
INSERT INTO phpbb_digests_config (config_name, config_value) VALUES ('theme_type', '0');
INSERT INTO phpbb_digests_config (config_name, config_value) VALUES ('urgent_run_required', '1');
INSERT INTO phpbb_digests_config (config_name, config_value) VALUES ('use_system_time', '1');
INSERT INTO phpbb_digests_config (config_name, config_value) VALUES ('weekly_day', '0');

# -- extension_groups
INSERT INTO phpbb_extension_groups (group_id, group_name, cat_id, allow_group, download_mode, upload_icon, max_filesize, forum_permissions) VALUES (1,'Images',1,1,1,'',0,'');
INSERT INTO phpbb_extension_groups (group_id, group_name, cat_id, allow_group, download_mode, upload_icon, max_filesize, forum_permissions) VALUES (2,'Archives',0,1,1,'',0,'');
INSERT INTO phpbb_extension_groups (group_id, group_name, cat_id, allow_group, download_mode, upload_icon, max_filesize, forum_permissions) VALUES (3,'Plain Text',0,0,1,'',0,'');
INSERT INTO phpbb_extension_groups (group_id, group_name, cat_id, allow_group, download_mode, upload_icon, max_filesize, forum_permissions) VALUES (4,'Documents',0,0,1,'',0,'');
INSERT INTO phpbb_extension_groups (group_id, group_name, cat_id, allow_group, download_mode, upload_icon, max_filesize, forum_permissions) VALUES (5,'Real Media',0,0,2,'',0,'');
INSERT INTO phpbb_extension_groups (group_id, group_name, cat_id, allow_group, download_mode, upload_icon, max_filesize, forum_permissions) VALUES (6,'Streams',2,0,1,'',0,'');
INSERT INTO phpbb_extension_groups (group_id, group_name, cat_id, allow_group, download_mode, upload_icon, max_filesize, forum_permissions) VALUES (7,'Flash Files',3,0,1,'',0,'');

# -- extensions
INSERT INTO phpbb_extensions (ext_id, group_id, extension, comment) VALUES (1, 1,'gif', '');
INSERT INTO phpbb_extensions (ext_id, group_id, extension, comment) VALUES (2, 1,'png', '');
INSERT INTO phpbb_extensions (ext_id, group_id, extension, comment) VALUES (3, 1,'jpeg', '');
INSERT INTO phpbb_extensions (ext_id, group_id, extension, comment) VALUES (4, 1,'jpg', '');
INSERT INTO phpbb_extensions (ext_id, group_id, extension, comment) VALUES (5, 1,'tif', '');
INSERT INTO phpbb_extensions (ext_id, group_id, extension, comment) VALUES (6, 1,'tga', '');
INSERT INTO phpbb_extensions (ext_id, group_id, extension, comment) VALUES (7, 2,'gtar', '');
INSERT INTO phpbb_extensions (ext_id, group_id, extension, comment) VALUES (8, 2,'gz', '');
INSERT INTO phpbb_extensions (ext_id, group_id, extension, comment) VALUES (9, 2,'tar', '');
INSERT INTO phpbb_extensions (ext_id, group_id, extension, comment) VALUES (10, 2,'zip', '');
INSERT INTO phpbb_extensions (ext_id, group_id, extension, comment) VALUES (11, 2,'rar', '');
INSERT INTO phpbb_extensions (ext_id, group_id, extension, comment) VALUES (12, 2,'ace', '');
INSERT INTO phpbb_extensions (ext_id, group_id, extension, comment) VALUES (13, 2,'7z', '');
INSERT INTO phpbb_extensions (ext_id, group_id, extension, comment) VALUES (14, 3,'txt', '');
INSERT INTO phpbb_extensions (ext_id, group_id, extension, comment) VALUES (15, 3,'c', '');
INSERT INTO phpbb_extensions (ext_id, group_id, extension, comment) VALUES (16, 3,'h', '');
INSERT INTO phpbb_extensions (ext_id, group_id, extension, comment) VALUES (17, 3,'cpp', '');
INSERT INTO phpbb_extensions (ext_id, group_id, extension, comment) VALUES (18, 3,'hpp', '');
INSERT INTO phpbb_extensions (ext_id, group_id, extension, comment) VALUES (19, 3,'diz', '');
INSERT INTO phpbb_extensions (ext_id, group_id, extension, comment) VALUES (20, 4,'xls', '');
INSERT INTO phpbb_extensions (ext_id, group_id, extension, comment) VALUES (21, 4,'doc', '');
INSERT INTO phpbb_extensions (ext_id, group_id, extension, comment) VALUES (22, 4,'dot', '');
INSERT INTO phpbb_extensions (ext_id, group_id, extension, comment) VALUES (23, 4,'pdf', '');
INSERT INTO phpbb_extensions (ext_id, group_id, extension, comment) VALUES (24, 4,'ai', '');
INSERT INTO phpbb_extensions (ext_id, group_id, extension, comment) VALUES (25, 4,'ps', '');
INSERT INTO phpbb_extensions (ext_id, group_id, extension, comment) VALUES (26, 4,'ppt', '');
INSERT INTO phpbb_extensions (ext_id, group_id, extension, comment) VALUES (27, 5,'rm', '');
INSERT INTO phpbb_extensions (ext_id, group_id, extension, comment) VALUES (28, 6,'wma', '');
INSERT INTO phpbb_extensions (ext_id, group_id, extension, comment) VALUES (29, 7,'swf', '');

# -- flags
INSERT INTO phpbb_flags (flag_name, flag_image) VALUES ('Afghanistan','afghanistan.gif');
INSERT INTO phpbb_flags (flag_name, flag_image) VALUES ('Albania','albania.gif');
INSERT INTO phpbb_flags (flag_name, flag_image) VALUES ('Algeria','algeria.gif');
INSERT INTO phpbb_flags (flag_name, flag_image) VALUES ('Andorra','andorra.gif');
INSERT INTO phpbb_flags (flag_name, flag_image) VALUES ('Angola','angola.gif');
INSERT INTO phpbb_flags (flag_name, flag_image) VALUES ('Antigua And Barbuda','antiguabarbuda.gif');
INSERT INTO phpbb_flags (flag_name, flag_image) VALUES ('Argentina','argentina.gif');
INSERT INTO phpbb_flags (flag_name, flag_image) VALUES ('Armenia','armenia.gif');
INSERT INTO phpbb_flags (flag_name, flag_image) VALUES ('Australia','australia.gif');
INSERT INTO phpbb_flags (flag_name, flag_image) VALUES ('Austria','austria.gif');
INSERT INTO phpbb_flags (flag_name, flag_image) VALUES ('Azerbaijan','azerbaijan.gif');
INSERT INTO phpbb_flags (flag_name, flag_image) VALUES ('Bahamas','bahamas.gif');
INSERT INTO phpbb_flags (flag_name, flag_image) VALUES ('Bahrain','bahrain.gif');
INSERT INTO phpbb_flags (flag_name, flag_image) VALUES ('Bangladesh','bangladesh.gif');
INSERT INTO phpbb_flags (flag_name, flag_image) VALUES ('Barbados','barbados.gif');
INSERT INTO phpbb_flags (flag_name, flag_image) VALUES ('Belarus','belarus.gif');
INSERT INTO phpbb_flags (flag_name, flag_image) VALUES ('Belgium','belgium.gif');
INSERT INTO phpbb_flags (flag_name, flag_image) VALUES ('Belize','belize.gif');
INSERT INTO phpbb_flags (flag_name, flag_image) VALUES ('Benin','benin.gif');
INSERT INTO phpbb_flags (flag_name, flag_image) VALUES ('Bhutan','bhutan.gif');
INSERT INTO phpbb_flags (flag_name, flag_image) VALUES ('Bolivia','bolivia.gif');
INSERT INTO phpbb_flags (flag_name, flag_image) VALUES ('Bosnia Herzegovina','bosnia_herzegovina.gif');
INSERT INTO phpbb_flags (flag_name, flag_image) VALUES ('Botswana','botswana.gif');
INSERT INTO phpbb_flags (flag_name, flag_image) VALUES ('Brazil','brazil.gif');
INSERT INTO phpbb_flags (flag_name, flag_image) VALUES ('Brunei','brunei.gif');
INSERT INTO phpbb_flags (flag_name, flag_image) VALUES ('Bulgaria','bulgaria.gif');
INSERT INTO phpbb_flags (flag_name, flag_image) VALUES ('Burkinafaso','burkinafaso.gif');
INSERT INTO phpbb_flags (flag_name, flag_image) VALUES ('Burma','burma.gif');
INSERT INTO phpbb_flags (flag_name, flag_image) VALUES ('Burundi','burundi.gif');
INSERT INTO phpbb_flags (flag_name, flag_image) VALUES ('Cambodia','cambodia.gif');
INSERT INTO phpbb_flags (flag_name, flag_image) VALUES ('Cameroon','cameroon.gif');
INSERT INTO phpbb_flags (flag_name, flag_image) VALUES ('Canada','canada.gif');
INSERT INTO phpbb_flags (flag_name, flag_image) VALUES ('Central African Rep','centralafricanrep.gif');
INSERT INTO phpbb_flags (flag_name, flag_image) VALUES ('Chad','chad.gif');
INSERT INTO phpbb_flags (flag_name, flag_image) VALUES ('Chile','chile.gif');
INSERT INTO phpbb_flags (flag_name, flag_image) VALUES ('China','china.gif');
INSERT INTO phpbb_flags (flag_name, flag_image) VALUES ('Columbia','columbia.gif');
INSERT INTO phpbb_flags (flag_name, flag_image) VALUES ('Comoros','comoros.gif');
INSERT INTO phpbb_flags (flag_name, flag_image) VALUES ('Congo','congo.gif');
INSERT INTO phpbb_flags (flag_name, flag_image) VALUES ('Costarica','costarica.gif');
INSERT INTO phpbb_flags (flag_name, flag_image) VALUES ('Croatia','croatia.gif');
INSERT INTO phpbb_flags (flag_name, flag_image) VALUES ('Cuba','cuba.gif');
INSERT INTO phpbb_flags (flag_name, flag_image) VALUES ('Cyprus','cyprus.gif');
INSERT INTO phpbb_flags (flag_name, flag_image) VALUES ('Czech Republic','czechrepublic.gif');
INSERT INTO phpbb_flags (flag_name, flag_image) VALUES ('Demrepcongo','demrepcongo.gif');
INSERT INTO phpbb_flags (flag_name, flag_image) VALUES ('Denmark','denmark.gif');
INSERT INTO phpbb_flags (flag_name, flag_image) VALUES ('Djibouti','djibouti.gif');
INSERT INTO phpbb_flags (flag_name, flag_image) VALUES ('Dominica','dominica.gif');
INSERT INTO phpbb_flags (flag_name, flag_image) VALUES ('Dominican Rep','dominicanrep.gif');
INSERT INTO phpbb_flags (flag_name, flag_image) VALUES ('Ecuador','ecuador.gif');
INSERT INTO phpbb_flags (flag_name, flag_image) VALUES ('Egypt','egypt.gif');
INSERT INTO phpbb_flags (flag_name, flag_image) VALUES ('Elsalvador','elsalvador.gif');
INSERT INTO phpbb_flags (flag_name, flag_image) VALUES ('England','england.gif');
INSERT INTO phpbb_flags (flag_name, flag_image) VALUES ('Eq Guinea','eq_guinea.gif');
INSERT INTO phpbb_flags (flag_name, flag_image) VALUES ('Eritrea','eritrea.gif');
INSERT INTO phpbb_flags (flag_name, flag_image) VALUES ('Estonia','estonia.gif');
INSERT INTO phpbb_flags (flag_name, flag_image) VALUES ('Ethiopia','ethiopia.gif');
INSERT INTO phpbb_flags (flag_name, flag_image) VALUES ('Europe','europe.gif');
INSERT INTO phpbb_flags (flag_name, flag_image) VALUES ('Fiji','fiji.gif');
INSERT INTO phpbb_flags (flag_name, flag_image) VALUES ('Finland','finland.gif');
INSERT INTO phpbb_flags (flag_name, flag_image) VALUES ('France','france.gif');
INSERT INTO phpbb_flags (flag_name, flag_image) VALUES ('Gabon','gabon.gif');
INSERT INTO phpbb_flags (flag_name, flag_image) VALUES ('Gambia','gambia.gif');
INSERT INTO phpbb_flags (flag_name, flag_image) VALUES ('Georgia','georgia.gif');
INSERT INTO phpbb_flags (flag_name, flag_image) VALUES ('Germany','germany.gif');
INSERT INTO phpbb_flags (flag_name, flag_image) VALUES ('Ghana','ghana.gif');
INSERT INTO phpbb_flags (flag_name, flag_image) VALUES ('Greece','greece.gif');
INSERT INTO phpbb_flags (flag_name, flag_image) VALUES ('Grenada','grenada.gif');
INSERT INTO phpbb_flags (flag_name, flag_image) VALUES ('Grenadines','grenadines.gif');
INSERT INTO phpbb_flags (flag_name, flag_image) VALUES ('Guatemala','guatemala.gif');
INSERT INTO phpbb_flags (flag_name, flag_image) VALUES ('Guinea','guinea.gif');
INSERT INTO phpbb_flags (flag_name, flag_image) VALUES ('Guineabissau','guineabissau.gif');
INSERT INTO phpbb_flags (flag_name, flag_image) VALUES ('Guyana','guyana.gif');
INSERT INTO phpbb_flags (flag_name, flag_image) VALUES ('Haiti','haiti.gif');
INSERT INTO phpbb_flags (flag_name, flag_image) VALUES ('Honduras','honduras.gif');
INSERT INTO phpbb_flags (flag_name, flag_image) VALUES ('Hong Kong','hong_kong.gif');
INSERT INTO phpbb_flags (flag_name, flag_image) VALUES ('Hungary','hungary.gif');
INSERT INTO phpbb_flags (flag_name, flag_image) VALUES ('Iceland','iceland.gif');
INSERT INTO phpbb_flags (flag_name, flag_image) VALUES ('India','india.gif');
INSERT INTO phpbb_flags (flag_name, flag_image) VALUES ('Indonesia','indonesia.gif');
INSERT INTO phpbb_flags (flag_name, flag_image) VALUES ('Iran','iran.gif');
INSERT INTO phpbb_flags (flag_name, flag_image) VALUES ('Iraq','iraq.gif');
INSERT INTO phpbb_flags (flag_name, flag_image) VALUES ('Ireland','ireland.gif');
INSERT INTO phpbb_flags (flag_name, flag_image) VALUES ('Israel','israel.gif');
INSERT INTO phpbb_flags (flag_name, flag_image) VALUES ('Italy','italy.gif');
INSERT INTO phpbb_flags (flag_name, flag_image) VALUES ('Ivory Coast','ivorycoast.gif');
INSERT INTO phpbb_flags (flag_name, flag_image) VALUES ('Jamaica','jamaica.gif');
INSERT INTO phpbb_flags (flag_name, flag_image) VALUES ('Japan','japan.gif');
INSERT INTO phpbb_flags (flag_name, flag_image) VALUES ('Jordan','jordan.gif');
INSERT INTO phpbb_flags (flag_name, flag_image) VALUES ('Kazakhstan','kazakhstan.gif');
INSERT INTO phpbb_flags (flag_name, flag_image) VALUES ('Kenya','kenya.gif');
INSERT INTO phpbb_flags (flag_name, flag_image) VALUES ('Kiribati','kiribati.gif');
INSERT INTO phpbb_flags (flag_name, flag_image) VALUES ('Kuwait','kuwait.gif');
INSERT INTO phpbb_flags (flag_name, flag_image) VALUES ('Kyrgyzstan','kyrgyzstan.gif');
INSERT INTO phpbb_flags (flag_name, flag_image) VALUES ('Laos','laos.gif');
INSERT INTO phpbb_flags (flag_name, flag_image) VALUES ('Latvia','latvia.gif');
INSERT INTO phpbb_flags (flag_name, flag_image) VALUES ('Lebanon','lebanon.gif');
INSERT INTO phpbb_flags (flag_name, flag_image) VALUES ('Liberia','liberia.gif');
INSERT INTO phpbb_flags (flag_name, flag_image) VALUES ('Libya','libya.gif');
INSERT INTO phpbb_flags (flag_name, flag_image) VALUES ('Liechtenstein','liechtenstein.gif');
INSERT INTO phpbb_flags (flag_name, flag_image) VALUES ('Lithuania','lithuania.gif');
INSERT INTO phpbb_flags (flag_name, flag_image) VALUES ('Luxembourg','luxembourg.gif');
INSERT INTO phpbb_flags (flag_name, flag_image) VALUES ('Macadonia','macadonia.gif');
INSERT INTO phpbb_flags (flag_name, flag_image) VALUES ('Macau','macau.gif');
INSERT INTO phpbb_flags (flag_name, flag_image) VALUES ('Madagascar','madagascar.gif');
INSERT INTO phpbb_flags (flag_name, flag_image) VALUES ('Malawi','malawi.gif');
INSERT INTO phpbb_flags (flag_name, flag_image) VALUES ('Malaysia','malaysia.gif');
INSERT INTO phpbb_flags (flag_name, flag_image) VALUES ('Maldives','maldives.gif');
INSERT INTO phpbb_flags (flag_name, flag_image) VALUES ('Mali','mali.gif');
INSERT INTO phpbb_flags (flag_name, flag_image) VALUES ('Malta','malta.gif');
INSERT INTO phpbb_flags (flag_name, flag_image) VALUES ('Mauritania','mauritania.gif');
INSERT INTO phpbb_flags (flag_name, flag_image) VALUES ('Mauritius','mauritius.gif');
INSERT INTO phpbb_flags (flag_name, flag_image) VALUES ('Mexico','mexico.gif');
INSERT INTO phpbb_flags (flag_name, flag_image) VALUES ('Micronesia','micronesia.gif');
INSERT INTO phpbb_flags (flag_name, flag_image) VALUES ('Moldova','moldova.gif');
INSERT INTO phpbb_flags (flag_name, flag_image) VALUES ('Monaco','monaco.gif');
INSERT INTO phpbb_flags (flag_name, flag_image) VALUES ('Mongolia','mongolia.gif');
INSERT INTO phpbb_flags (flag_name, flag_image) VALUES ('Morocco','morocco.gif');
INSERT INTO phpbb_flags (flag_name, flag_image) VALUES ('Mozambique','mozambique.gif');
INSERT INTO phpbb_flags (flag_name, flag_image) VALUES ('Namibia','namibia.gif');
INSERT INTO phpbb_flags (flag_name, flag_image) VALUES ('Nauru','nauru.gif');
INSERT INTO phpbb_flags (flag_name, flag_image) VALUES ('Nepal','nepal.gif');
INSERT INTO phpbb_flags (flag_name, flag_image) VALUES ('Neth Antilles','neth_antilles.gif');
INSERT INTO phpbb_flags (flag_name, flag_image) VALUES ('Netherlands','netherlands.gif');
INSERT INTO phpbb_flags (flag_name, flag_image) VALUES ('New Zealand','newzealand.gif');
INSERT INTO phpbb_flags (flag_name, flag_image) VALUES ('Nicaragua','nicaragua.gif');
INSERT INTO phpbb_flags (flag_name, flag_image) VALUES ('Niger','niger.gif');
INSERT INTO phpbb_flags (flag_name, flag_image) VALUES ('Nigeria','nigeria.gif');
INSERT INTO phpbb_flags (flag_name, flag_image) VALUES ('North Korea','north_korea.gif');
INSERT INTO phpbb_flags (flag_name, flag_image) VALUES ('Norway','norway.gif');
INSERT INTO phpbb_flags (flag_name, flag_image) VALUES ('Oman','oman.gif');
INSERT INTO phpbb_flags (flag_name, flag_image) VALUES ('Pakistan','pakistan.gif');
INSERT INTO phpbb_flags (flag_name, flag_image) VALUES ('Panama','panama.gif');
INSERT INTO phpbb_flags (flag_name, flag_image) VALUES ('Papua New Guinea','papuanewguinea.gif');
INSERT INTO phpbb_flags (flag_name, flag_image) VALUES ('Paraguay','paraguay.gif');
INSERT INTO phpbb_flags (flag_name, flag_image) VALUES ('Peru','peru.gif');
INSERT INTO phpbb_flags (flag_name, flag_image) VALUES ('Philippines','philippines.gif');
INSERT INTO phpbb_flags (flag_name, flag_image) VALUES ('Poland','poland.gif');
INSERT INTO phpbb_flags (flag_name, flag_image) VALUES ('Portugal','portugal.gif');
INSERT INTO phpbb_flags (flag_name, flag_image) VALUES ('Puertorico','puertorico.gif');
INSERT INTO phpbb_flags (flag_name, flag_image) VALUES ('Qatar','qatar.gif');
INSERT INTO phpbb_flags (flag_name, flag_image) VALUES ('Rawanda','rawanda.gif');
INSERT INTO phpbb_flags (flag_name, flag_image) VALUES ('Romania','romania.gif');
INSERT INTO phpbb_flags (flag_name, flag_image) VALUES ('Russia','russia.gif');
INSERT INTO phpbb_flags (flag_name, flag_image) VALUES ('Sao Tome','sao_tome.gif');
INSERT INTO phpbb_flags (flag_name, flag_image) VALUES ('Saudi Arabia','saudiarabia.gif');
INSERT INTO phpbb_flags (flag_name, flag_image) VALUES ('Scotland','scotland.gif');
INSERT INTO phpbb_flags (flag_name, flag_image) VALUES ('Senegal','senegal.gif');
INSERT INTO phpbb_flags (flag_name, flag_image) VALUES ('Serbia','serbia.gif');
INSERT INTO phpbb_flags (flag_name, flag_image) VALUES ('Seychelles','seychelles.gif');
INSERT INTO phpbb_flags (flag_name, flag_image) VALUES ('Sierraleone','sierraleone.gif');
INSERT INTO phpbb_flags (flag_name, flag_image) VALUES ('Singapore','singapore.gif');
INSERT INTO phpbb_flags (flag_name, flag_image) VALUES ('Slovakia','slovakia.gif');
INSERT INTO phpbb_flags (flag_name, flag_image) VALUES ('Slovenia','slovenia.gif');
INSERT INTO phpbb_flags (flag_name, flag_image) VALUES ('Solomon Islands','solomon_islands.gif');
INSERT INTO phpbb_flags (flag_name, flag_image) VALUES ('Somalia','somalia.gif');
INSERT INTO phpbb_flags (flag_name, flag_image) VALUES ('South Africa','southafrica.gif');
INSERT INTO phpbb_flags (flag_name, flag_image) VALUES ('South Korea','south_korea.gif');
INSERT INTO phpbb_flags (flag_name, flag_image) VALUES ('Spain','spain.gif');
INSERT INTO phpbb_flags (flag_name, flag_image) VALUES ('Sri Lanka','srilanka.gif');
INSERT INTO phpbb_flags (flag_name, flag_image) VALUES ('St Kitts Nevis','stkitts_nevis.gif');
INSERT INTO phpbb_flags (flag_name, flag_image) VALUES ('St Lucia','stlucia.gif');
INSERT INTO phpbb_flags (flag_name, flag_image) VALUES ('Sudan','sudan.gif');
INSERT INTO phpbb_flags (flag_name, flag_image) VALUES ('Suriname','suriname.gif');
INSERT INTO phpbb_flags (flag_name, flag_image) VALUES ('Sweden','sweden.gif');
INSERT INTO phpbb_flags (flag_name, flag_image) VALUES ('Switzerland','switzerland.gif');
INSERT INTO phpbb_flags (flag_name, flag_image) VALUES ('Syria','syria.gif');
INSERT INTO phpbb_flags (flag_name, flag_image) VALUES ('Taiwan','taiwan.gif');
INSERT INTO phpbb_flags (flag_name, flag_image) VALUES ('Tajikistan','tajikistan.gif');
INSERT INTO phpbb_flags (flag_name, flag_image) VALUES ('Tanzania','tanzania.gif');
INSERT INTO phpbb_flags (flag_name, flag_image) VALUES ('Thailand','thailand.gif');
INSERT INTO phpbb_flags (flag_name, flag_image) VALUES ('Togo','togo.gif');
INSERT INTO phpbb_flags (flag_name, flag_image) VALUES ('Tonga','tonga.gif');
INSERT INTO phpbb_flags (flag_name, flag_image) VALUES ('Trinidad And Tobago','trinidadandtobago.gif');
INSERT INTO phpbb_flags (flag_name, flag_image) VALUES ('Tunisia','tunisia.gif');
INSERT INTO phpbb_flags (flag_name, flag_image) VALUES ('Turkey','turkey.gif');
INSERT INTO phpbb_flags (flag_name, flag_image) VALUES ('Turkmenistan','turkmenistan.gif');
INSERT INTO phpbb_flags (flag_name, flag_image) VALUES ('Tuvala','tuvala.gif');
INSERT INTO phpbb_flags (flag_name, flag_image) VALUES ('Uae','uae.gif');
INSERT INTO phpbb_flags (flag_name, flag_image) VALUES ('Uganda','uganda.gif');
INSERT INTO phpbb_flags (flag_name, flag_image) VALUES ('UK','uk.gif');
INSERT INTO phpbb_flags (flag_name, flag_image) VALUES ('Ukraine','ukraine.gif');
INSERT INTO phpbb_flags (flag_name, flag_image) VALUES ('Uruguay','uruguay.gif');
INSERT INTO phpbb_flags (flag_name, flag_image) VALUES ('USA','usa.gif');
INSERT INTO phpbb_flags (flag_name, flag_image) VALUES ('USSR','ussr.gif');
INSERT INTO phpbb_flags (flag_name, flag_image) VALUES ('Uzbekistan','uzbekistan.gif');
INSERT INTO phpbb_flags (flag_name, flag_image) VALUES ('Vanuatu','vanuatu.gif');
INSERT INTO phpbb_flags (flag_name, flag_image) VALUES ('Venezuela','venezuela.gif');
INSERT INTO phpbb_flags (flag_name, flag_image) VALUES ('Vietnam','vietnam.gif');
INSERT INTO phpbb_flags (flag_name, flag_image) VALUES ('Wales','wales.gif');
INSERT INTO phpbb_flags (flag_name, flag_image) VALUES ('Western Samoa','western_samoa.gif');
INSERT INTO phpbb_flags (flag_name, flag_image) VALUES ('Yemen','yemen.gif');
INSERT INTO phpbb_flags (flag_name, flag_image) VALUES ('Yugoslavia','yugoslavia.gif');
INSERT INTO phpbb_flags (flag_name, flag_image) VALUES ('Zaire','zaire.gif');
INSERT INTO phpbb_flags (flag_name, flag_image) VALUES ('Zambia','zambia.gif');
INSERT INTO phpbb_flags (flag_name, flag_image) VALUES ('Zimbabwe','zimbabwe.gif');

# -- forbidden_extensions
INSERT INTO phpbb_forbidden_extensions (ext_id, extension) VALUES (1,'php');
INSERT INTO phpbb_forbidden_extensions (ext_id, extension) VALUES (2,'php3');
INSERT INTO phpbb_forbidden_extensions (ext_id, extension) VALUES (3,'php4');
INSERT INTO phpbb_forbidden_extensions (ext_id, extension) VALUES (4,'phtml');
INSERT INTO phpbb_forbidden_extensions (ext_id, extension) VALUES (5,'pl');
INSERT INTO phpbb_forbidden_extensions (ext_id, extension) VALUES (6,'asp');
INSERT INTO phpbb_forbidden_extensions (ext_id, extension) VALUES (7,'cgi');

# -- Forums
INSERT INTO phpbb_forums (forum_name, forum_desc, cat_id, forum_order, forum_posts, forum_topics, forum_last_post_id, auth_view, auth_read, auth_post, auth_reply, auth_edit, auth_delete, auth_announce, auth_sticky, auth_pollcreate, auth_vote, auth_attachments, auth_suggest_event, forum_icon) VALUES ('Test Forum 1', 'This is just a test forum.', 1, 10, 1, 1, 1, 0, 0, 1, 1, 1, 1, 3, 3, 1, 1, 3, 1, 'none.gif');

# -- Groups
INSERT INTO phpbb_groups (group_id, group_name, group_description, group_single_user) VALUES (1, 'Anonymous', 'Personal User', 1);
INSERT INTO phpbb_groups (group_id, group_name, group_description, group_single_user) VALUES (2, 'Admin', 'Personal User', 1);

# -- Guestbook Config
INSERT INTO phpbb_guestbook_config VALUES ('version', '2.2.0');
INSERT INTO phpbb_guestbook_config VALUES ('enable_guestbook', '0');
INSERT INTO phpbb_guestbook_config VALUES ('maxlenght_posts', '500');
INSERT INTO phpbb_guestbook_config VALUES ('hide_posts', '0');
INSERT INTO phpbb_guestbook_config VALUES ('smilies_column', '6');
INSERT INTO phpbb_guestbook_config VALUES ('smilies_row', '3');
INSERT INTO phpbb_guestbook_config VALUES ('no_only_smilies', '1');
INSERT INTO phpbb_guestbook_config VALUES ('no_only_quote', '1');
INSERT INTO phpbb_guestbook_config VALUES ('word_wrap', '1');
INSERT INTO phpbb_guestbook_config VALUES ('contatore', '0');
INSERT INTO phpbb_guestbook_config VALUES ('word_wrap_length', '32');
INSERT INTO phpbb_guestbook_config VALUES ('session_posting', '60');
INSERT INTO phpbb_guestbook_config VALUES ('password', '12345');
INSERT INTO phpbb_guestbook_config VALUES ('permit_mod', '0');

# -- Helpdesk
INSERT INTO phpbb_helpdesk_emails (e_id, e_addr) VALUES (1,'email@yourdomain.com');
INSERT INTO phpbb_helpdesk_emails (e_id, e_addr) VALUES (2,'owner_email@yourdomain.com');
INSERT INTO phpbb_helpdesk_importance (value, data) VALUES (1,'Not Important');
INSERT INTO phpbb_helpdesk_importance (value, data) VALUES (2, 'Urgent');
INSERT INTO phpbb_helpdesk_msgs (e_id, e_msg) VALUES (1, 'Forum Issues');
INSERT INTO phpbb_helpdesk_msgs (e_id, e_msg) VALUES (2, 'E-mail Board Owner');
INSERT INTO phpbb_helpdesk_reply (value, data) VALUES (1, 'None');
INSERT INTO phpbb_helpdesk_reply (value, data) VALUES (2, 'E-mail Me');
INSERT INTO phpbb_helpdesk_reply (value, data) VALUES (3, 'Skype Me');
INSERT INTO phpbb_helpdesk_reply (value, data) VALUES (4, 'Private message');
INSERT INTO phpbb_helpdesk_reply (value, data) VALUES (5, 'Yahoo Messenger');
INSERT INTO phpbb_helpdesk_reply (value, data) VALUES (6, 'MSN Messenger');
INSERT INTO phpbb_helpdesk_reply (value, data) VALUES (7, 'AOL Messenger');
INSERT INTO phpbb_helpdesk_reply (value, data) VALUES (8, 'ICQ Message');
INSERT INTO phpbb_helpdesk_reply (value, data) VALUES (9, 'Xfire Messenger');

# -- prillian_config
INSERT INTO phpbb_im_config (config_name, config_value) VALUES ('refresh_rate', '60');
INSERT INTO phpbb_im_config (config_name, config_value) VALUES ('flood_interval', '15');
INSERT INTO phpbb_im_config (config_name, config_value) VALUES ('success_close', '1');
INSERT INTO phpbb_im_config (config_name, config_value) VALUES ('refresh_method', '2');
INSERT INTO phpbb_im_config (config_name, config_value) VALUES ('auto_launch', '0');
INSERT INTO phpbb_im_config (config_name, config_value) VALUES ('popup_ims', '1');
INSERT INTO phpbb_im_config (config_name, config_value) VALUES ('list_ims', '0');
INSERT INTO phpbb_im_config (config_name, config_value) VALUES ('mode1_height', '400');
INSERT INTO phpbb_im_config (config_name, config_value) VALUES ('mode1_width', '230');
INSERT INTO phpbb_im_config (config_name, config_value) VALUES ('mode2_height', '250');
INSERT INTO phpbb_im_config (config_name, config_value) VALUES ('mode2_width', '400');
INSERT INTO phpbb_im_config (config_name, config_value) VALUES ('read_height', '300');
INSERT INTO phpbb_im_config (config_name, config_value) VALUES ('read_width', '400');
INSERT INTO phpbb_im_config (config_name, config_value) VALUES ('send_height', '365');
INSERT INTO phpbb_im_config (config_name, config_value) VALUES ('send_width', '460');
INSERT INTO phpbb_im_config (config_name, config_value) VALUES ('list_all_online', '1');
INSERT INTO phpbb_im_config (config_name, config_value) VALUES ('show_controls', '1');
INSERT INTO phpbb_im_config (config_name, config_value) VALUES ('allow_ims', '0');
INSERT INTO phpbb_im_config (config_name, config_value) VALUES ('allow_shout', '1');
INSERT INTO phpbb_im_config (config_name, config_value) VALUES ('allow_chat', '1');
INSERT INTO phpbb_im_config (config_name, config_value) VALUES ('override_users', '0');
INSERT INTO phpbb_im_config (config_name, config_value) VALUES ('enable_flood', '1');
INSERT INTO phpbb_im_config (config_name, config_value) VALUES ('box_limit', '25');
INSERT INTO phpbb_im_config (config_name, config_value) VALUES ('refresh_drop', '1');
INSERT INTO phpbb_im_config (config_name, config_value) VALUES ('play_sound', '1');
INSERT INTO phpbb_im_config (config_name, config_value) VALUES ('sound_name', '');
INSERT INTO phpbb_im_config (config_name, config_value) VALUES ('default_sound', '0');
INSERT INTO phpbb_im_config (config_name, config_value) VALUES ('themes_allow', '1');
INSERT INTO phpbb_im_config (config_name, config_value) VALUES ('themes_id', '1');
INSERT INTO phpbb_im_config (config_name, config_value) VALUES ('allow_network', '0');
INSERT INTO phpbb_im_config (config_name, config_value) VALUES ('session_length', '120');
INSERT INTO phpbb_im_config (config_name, config_value) VALUES ('enable_im_limit', '1');
INSERT INTO phpbb_im_config (config_name, config_value) VALUES ('auto_delete', '0');
INSERT INTO phpbb_im_config (config_name, config_value) VALUES ('open_pms', '0');
INSERT INTO phpbb_im_config (config_name, config_value) VALUES ('network_user_list', '1');
INSERT INTO phpbb_im_config (config_name, config_value) VALUES ('default_mode', '1');
INSERT INTO phpbb_im_config (config_name, config_value) VALUES ('mode3_height', '100');
INSERT INTO phpbb_im_config (config_name, config_value) VALUES ('mode3_width', '400');
INSERT INTO phpbb_im_config (config_name, config_value) VALUES ('prefs_height', '350');
INSERT INTO phpbb_im_config (config_name, config_value) VALUES ('prefs_width', '500');
INSERT INTO phpbb_im_config (config_name, config_value) VALUES ('use_frames', '1');
INSERT INTO phpbb_im_config (config_name, config_value) VALUES ('network_profile', 'profile');
INSERT INTO phpbb_im_config (config_name, config_value) VALUES ('allow_mode_switch', '1');
INSERT INTO phpbb_im_config (config_name, config_value) VALUES ('version', '0.7.1');

# -- IM prefs: admin
INSERT INTO phpbb_im_prefs (user_id) VALUES (0);
INSERT INTO phpbb_im_prefs (user_id) VALUES (2);

# -- Activity / Games
INSERT INTO phpbb_ina_data (version) VALUES ('v2.0.0');

# -- Inline Ads
INSERT INTO phpbb_inline_ads (ad_code, ad_name) VALUES ('Your banner code goes here', 'Default');

# -- KB
INSERT INTO phpbb_kb_types (id, type) VALUES ('1', 'Test Type 1');
INSERT INTO phpbb_kb_categories (category_id, category_name, category_details, number_articles, parent, cat_order) VALUES ('1', 'Test Category 1', 'This is just a test category', '1', '0', '10');
INSERT INTO phpbb_kb_articles (article_id, article_category_id, article_title, article_description, article_author_id, username, bbcode_uid, article_body, article_type, approved, topic_id, views) VALUES ('1', '1', 'Test Article', 'This is an example article in your KB', '2', '', '93074f48a9', 'This is an example article in your Knowledge Base installation. You may delete this article, this type even this category if you like since everything seems to be working! Please enjoy the new Knowledge Base features!', '1', '1', '1', '0');

# -- Demo Lexicon Entries
INSERT INTO phpbb_lexicon (keyword, explanation, bbcode_uid, cat) VALUES ('1st example', 'This is a test entry to example the character-navigation.\r\nBy default the numbers do not shown. They will only display if an entry exists.', '5d424e3a4a', 1);
INSERT INTO phpbb_lexicon (keyword, explanation, cat) VALUES ('Testentry', 'This is just another example of a lexicon entry.', 1);

# -- Lexicon default category
INSERT INTO phpbb_lexicon_cat (cat_titel) VALUES ('default');

# -- Demo Links
INSERT INTO phpbb_links (link_id, link_name, link_longdesc, link_catid, link_url, link_logo_src, link_approved, link_hits, user_id) VALUES ( 1, 'Fully Modded phpBB Official Website', 'Official Fully Modded Website', '4', 'http://phpbb-fm.com', 'images/links/phpbbfmcom.gif', '1', '0', '2');
INSERT INTO phpbb_links (link_id, link_name, link_longdesc, link_catid, link_url, link_logo_src, link_approved, link_hits, user_id) VALUES ( 2, 'phpBB Official Website', 'Official phpBB Website', '4', 'http://phpbb.com', 'images/links/phpbbcom.gif', '1', '0', '2');

# -- Link default categories
INSERT INTO phpbb_link_categories (cat_id, cat_name, cat_order, cat_parent) VALUES ( 1, 'Arts', 1, 0);
INSERT INTO phpbb_link_categories (cat_id, cat_name, cat_order, cat_parent) VALUES ( 2, 'Business', 2, 0);
INSERT INTO phpbb_link_categories (cat_id, cat_name, cat_order, cat_parent) VALUES ( 3, 'Children and Teens', 3, 0);
INSERT INTO phpbb_link_categories (cat_id, cat_name, cat_order, cat_parent, cat_links) VALUES ( 4, 'Computers', 4, 0, 2);
INSERT INTO phpbb_link_categories (cat_id, cat_name, cat_order, cat_parent) VALUES ( 5, 'Games', 5, 0);
INSERT INTO phpbb_link_categories (cat_id, cat_name, cat_order, cat_parent) VALUES ( 6, 'Health', 6, 0);
INSERT INTO phpbb_link_categories (cat_id, cat_name, cat_order, cat_parent) VALUES ( 7, 'Home', 7, 0);
INSERT INTO phpbb_link_categories (cat_id, cat_name, cat_order, cat_parent) VALUES ( 8, 'Music', 8, 0);
INSERT INTO phpbb_link_categories (cat_id, cat_name, cat_order, cat_parent) VALUES ( 9, 'News', 9, 0);
INSERT INTO phpbb_link_categories (cat_id, cat_name, cat_order, cat_parent) VALUES ( 10, 'Recreation', 10, 0);
INSERT INTO phpbb_link_categories (cat_id, cat_name, cat_order, cat_parent) VALUES ( 11, 'Reference', 11, 0);
INSERT INTO phpbb_link_categories (cat_id, cat_name, cat_order, cat_parent) VALUES ( 12, 'Science', 12, 0);
INSERT INTO phpbb_link_categories (cat_id, cat_name, cat_order, cat_parent) VALUES ( 13, 'Shopping', 13, 0);
INSERT INTO phpbb_link_categories (cat_id, cat_name, cat_order, cat_parent) VALUES ( 14, 'Society', 14, 0);
INSERT INTO phpbb_link_categories (cat_id, cat_name, cat_order, cat_parent) VALUES ( 15, 'Sports', 15, 0);
INSERT INTO phpbb_link_categories (cat_id, cat_name, cat_order, cat_parent) VALUES ( 16, 'Travel', 16, 0);

# -- Link config
INSERT INTO phpbb_link_config (config_name, config_value) VALUES ('site_logo','images/links/yourlogo.gif');
INSERT INTO phpbb_link_config (config_name, config_value) VALUES ('site_url','http://yourdomain.com');
INSERT INTO phpbb_link_config (config_name, config_value) VALUES ('width','88');
INSERT INTO phpbb_link_config (config_name, config_value) VALUES ('height','31');
INSERT INTO phpbb_link_config (config_name, config_value) VALUES ('settings_link_page','10');
INSERT INTO phpbb_link_config (config_name, config_value) VALUES ('display_interval','6000');
INSERT INTO phpbb_link_config (config_name, config_value) VALUES ('display_logo_num','2');
INSERT INTO phpbb_link_config (config_name, config_value) VALUES ('display_links_logo','1');
INSERT INTO phpbb_link_config (config_name, config_value) VALUES ('email_notify','1');
INSERT INTO phpbb_link_config (config_name, config_value) VALUES ('pm_notify','0');
INSERT INTO phpbb_link_config (config_name, config_value) VALUES ('lock_submit_site','0');
INSERT INTO phpbb_link_config (config_name, config_value) VALUES ('allow_no_logo','0');
INSERT INTO phpbb_link_config (config_name, config_value) VALUES ('cat_col', '3');
INSERT INTO phpbb_link_config (config_name, config_value) VALUES ('sort_method', 'link_time');
INSERT INTO phpbb_link_config (config_name, config_value) VALUES ('sort_order', 'DESC');
INSERT INTO phpbb_link_config (config_name, config_value) VALUES ('allow_guest_submit_site', '0');
INSERT INTO phpbb_link_config (config_name, config_value) VALUES ('split_links', '0');
INSERT INTO phpbb_link_config (config_name, config_value) VALUES ('allow_vote', '1');
INSERT INTO phpbb_link_config (config_name, config_value) VALUES ('linkdb_versions', '0.0.9');
INSERT INTO phpbb_link_config (config_name, config_value) VALUES ('allow_edit_link', '1');
INSERT INTO phpbb_link_config (config_name, config_value) VALUES ('allow_delete_link', '0');
INSERT INTO phpbb_link_config (config_name, config_value) VALUES ('allow_comment', '1');
INSERT INTO phpbb_link_config (config_name, config_value) VALUES ('max_comment_chars', '5000');
INSERT INTO phpbb_link_config (config_name, config_value) VALUES ('need_validation', '1');
INSERT INTO phpbb_link_config (config_name, config_value) VALUES ('url_validation', '1');
INSERT INTO phpbb_link_config (config_name, config_value) VALUES ('url_validation_setting', 's?:H?:S?:E-:F-:u?:P?:a+:I?:p?:f?:q?:r?');

# -- Meeting Config
INSERT INTO phpbb_meeting_config (config_name, config_value) VALUES ('allow_user_enter_meeting', '0');
INSERT INTO phpbb_meeting_config (config_name, config_value) VALUES ('allow_user_edit_meeting', '0');
INSERT INTO phpbb_meeting_config (config_name, config_value) VALUES ('allow_user_delete_meeting', '0');
INSERT INTO phpbb_meeting_config (config_name, config_value) VALUES ('allow_user_delete_meeting_comments', '0');
INSERT INTO phpbb_meeting_config (config_name, config_value) VALUES ('create_meeting', '1');
INSERT INTO phpbb_meeting_config (config_name, config_value) VALUES ('meeting_notify', '1');

# -- Medal default category
INSERT INTO phpbb_medal_cat (cat_title, cat_order) VALUES ('Default', '10');

# -- Optimize DB
INSERT INTO phpbb_optimize_db (cron_enable, cron_every, cron_next, cron_count, show_tables) VALUES ('0','86400','0','0','');

# -- pafiledb
INSERT INTO phpbb_pa_config (config_name, config_value) VALUES ('allow_comment_images', '0');
INSERT INTO phpbb_pa_config (config_name, config_value) VALUES ('no_comment_image_message', '[No image please]');
INSERT INTO phpbb_pa_config (config_name, config_value) VALUES ('allow_smilies', '1');
INSERT INTO phpbb_pa_config (config_name, config_value) VALUES ('allow_comment_links', '0');
INSERT INTO phpbb_pa_config (config_name, config_value) VALUES ('no_comment_link_message', '[No links please]');
INSERT INTO phpbb_pa_config (config_name, config_value) VALUES ('settings_disable', '0');
INSERT INTO phpbb_pa_config (config_name, config_value) VALUES ('allow_html', '1');
INSERT INTO phpbb_pa_config (config_name, config_value) VALUES ('allow_bbcode', '1');
INSERT INTO phpbb_pa_config (config_name, config_value) VALUES ('settings_topnumber', '10');
INSERT INTO phpbb_pa_config (config_name, config_value) VALUES ('settings_newdays', '1');
INSERT INTO phpbb_pa_config (config_name, config_value) VALUES ('settings_stats', '');
INSERT INTO phpbb_pa_config (config_name, config_value) VALUES ('settings_viewall', '1');
INSERT INTO phpbb_pa_config (config_name, config_value) VALUES ('settings_dbname', 'Download Database');
INSERT INTO phpbb_pa_config (config_name, config_value) VALUES ('settings_dbdescription', '');
INSERT INTO phpbb_pa_config (config_name, config_value) VALUES ('max_comment_chars', '5000');
INSERT INTO phpbb_pa_config (config_name, config_value) VALUES ('tpl_php', '0');
INSERT INTO phpbb_pa_config (config_name, config_value) VALUES ('settings_file_page', '20');
INSERT INTO phpbb_pa_config (config_name, config_value) VALUES ('hotlink_prevent', '0');
INSERT INTO phpbb_pa_config (config_name, config_value) VALUES ('hotlink_allowed', '');
INSERT INTO phpbb_pa_config (config_name, config_value) VALUES ('sort_method', 'file_time');
INSERT INTO phpbb_pa_config (config_name, config_value) VALUES ('sort_order', 'DESC');
INSERT INTO phpbb_pa_config (config_name, config_value) VALUES ('auth_search','0');
INSERT INTO phpbb_pa_config (config_name, config_value) VALUES ('auth_stats', '5000');
INSERT INTO phpbb_pa_config (config_name, config_value) VALUES ('auth_toplist', '0');
INSERT INTO phpbb_pa_config (config_name, config_value) VALUES ('auth_viewall', '20');
INSERT INTO phpbb_pa_config (config_name, config_value) VALUES ('max_file_size', '262144');
INSERT INTO phpbb_pa_config (config_name, config_value) VALUES ('upload_dir', 'uploads/pafiledb/');
INSERT INTO phpbb_pa_config (config_name, config_value) VALUES ('screenshots_dir', 'uploads/pafiledb/screenshots/');
INSERT INTO phpbb_pa_config (config_name, config_value) VALUES ('forbidden_extensions', 'php, php3, php4, phtml, pl, asp, aspx, cgi');
INSERT INTO phpbb_pa_config (config_name, config_value) VALUES ('need_validation', '0');
INSERT INTO phpbb_pa_config (config_name, config_value) VALUES ('validator', 'validator_admin');
INSERT INTO phpbb_pa_config (config_name, config_value) VALUES ('pm_notify', '0');

# -- PJIRC
INSERT INTO phpbb_pjirc (pjirc_name, pjirc_value) VALUES ('irc_mod_version', '3.0.2');
INSERT INTO phpbb_pjirc (pjirc_name, pjirc_value) VALUES ('irc_status', '0');
INSERT INTO phpbb_pjirc (pjirc_name, pjirc_value) VALUES ('irc_server', 'irc.blitzed.org');
INSERT INTO phpbb_pjirc (pjirc_name, pjirc_value) VALUES ('irc_port', '6667');
INSERT INTO phpbb_pjirc (pjirc_name, pjirc_value) VALUES ('irc_channel', '#Midnightz');
INSERT INTO phpbb_pjirc (pjirc_name, pjirc_value) VALUES ('irc_language', 'english');
INSERT INTO phpbb_pjirc (pjirc_name, pjirc_value) VALUES ('irc_template', 'subSilver');
INSERT INTO phpbb_pjirc (pjirc_name, pjirc_value) VALUES ('irc_popup_onoff', '0');
INSERT INTO phpbb_pjirc (pjirc_name, pjirc_value) VALUES ('irc_allow_guests', '0');
INSERT INTO phpbb_pjirc (pjirc_name, pjirc_value) VALUES ('irc_guestname', 'guest');
INSERT INTO phpbb_pjirc (pjirc_name, pjirc_value) VALUES ('irc_auth_joinlist', '');
INSERT INTO phpbb_pjirc (pjirc_name, pjirc_value) VALUES ('irc_show_connect', '1');
INSERT INTO phpbb_pjirc (pjirc_name, pjirc_value) VALUES ('irc_show_chanlist', '1');
INSERT INTO phpbb_pjirc (pjirc_name, pjirc_value) VALUES ('irc_show_about', '0');
INSERT INTO phpbb_pjirc (pjirc_name, pjirc_value) VALUES ('irc_show_help', '1');
INSERT INTO phpbb_pjirc (pjirc_name, pjirc_value) VALUES ('irc_show_close', '1');
INSERT INTO phpbb_pjirc (pjirc_name, pjirc_value) VALUES ('irc_show_status', '1');
INSERT INTO phpbb_pjirc (pjirc_name, pjirc_value) VALUES ('irc_show_dock', '0');
INSERT INTO phpbb_pjirc (pjirc_name, pjirc_value) VALUES ('irc_show_nickfield', '1');
INSERT INTO phpbb_pjirc (pjirc_name, pjirc_value) VALUES ('irc_time_stamp', '1');
INSERT INTO phpbb_pjirc (pjirc_name, pjirc_value) VALUES ('irc_topicscroller', '10');
INSERT INTO phpbb_pjirc (pjirc_name, pjirc_value) VALUES ('irc_quit', 'PJIRC Chat User');
INSERT INTO phpbb_pjirc (pjirc_name, pjirc_value) VALUES ('irc_smilies', '1');
INSERT INTO phpbb_pjirc (pjirc_name, pjirc_value) VALUES ('irc_smilies_enter', '1');
INSERT INTO phpbb_pjirc (pjirc_name, pjirc_value) VALUES ('irc_smilies_count', '20');
INSERT INTO phpbb_pjirc (pjirc_name, pjirc_value) VALUES ('irc_smilies_lines', '20');
INSERT INTO phpbb_pjirc (pjirc_name, pjirc_value) VALUES ('irc_sound_beep', 'boing.au');
INSERT INTO phpbb_pjirc (pjirc_name, pjirc_value) VALUES ('irc_enter_timer', '45500');
INSERT INTO phpbb_pjirc (pjirc_name, pjirc_value) VALUES ('irc_sound_profile', 'boingggg.au');
INSERT INTO phpbb_pjirc (pjirc_name, pjirc_value) VALUES ('irc_sound_im', 'cork.au');
INSERT INTO phpbb_pjirc (pjirc_name, pjirc_value) VALUES ('irc_sound_query', 'knocking.au');
INSERT INTO phpbb_pjirc (pjirc_name, pjirc_value) VALUES ('irc_sound_ignore', 'clunk.au');
INSERT INTO phpbb_pjirc (pjirc_name, pjirc_value) VALUES ('irc_sound_unignore', 'chirp.au');
INSERT INTO phpbb_pjirc (pjirc_name, pjirc_value) VALUES ('irc_sound_away', 'tone.au');
INSERT INTO phpbb_pjirc (pjirc_name, pjirc_value) VALUES ('irc_sound_back', 'cashregister.au');
INSERT INTO phpbb_pjirc (pjirc_name, pjirc_value) VALUES ('irc_sound_clear', 'wipe.au');
INSERT INTO phpbb_pjirc (pjirc_name, pjirc_value) VALUES ('irc_sound_whois', 'drip.au');
INSERT INTO phpbb_pjirc (pjirc_name, pjirc_value) VALUES ('irc_sound_help', 'lasertrill.au');
INSERT INTO phpbb_pjirc (pjirc_name, pjirc_value) VALUES ('irc_sound1', 'cashregister.au'); 
INSERT INTO phpbb_pjirc (pjirc_name, pjirc_value) VALUES ('irc_soundwords1', 'word1 word2 word3 word4 word5'); 
INSERT INTO phpbb_pjirc (pjirc_name, pjirc_value) VALUES ('irc_sound2', 'tone.au'); 
INSERT INTO phpbb_pjirc (pjirc_name, pjirc_value) VALUES ('irc_soundwords2', 'word1 word2 word3 word4 word5'); 
INSERT INTO phpbb_pjirc (pjirc_name, pjirc_value) VALUES ('irc_bot_overall', '1');
INSERT INTO phpbb_pjirc (pjirc_name, pjirc_value) VALUES ('irc_bot_switch1', '1');
INSERT INTO phpbb_pjirc (pjirc_name, pjirc_value) VALUES ('irc_bot_timer', '46000'); 
INSERT INTO phpbb_pjirc (pjirc_name, pjirc_value) VALUES ('irc_bot_switch2', '1');
INSERT INTO phpbb_pjirc (pjirc_name, pjirc_value) VALUES ('irc_channel2_on', '0');
INSERT INTO phpbb_pjirc (pjirc_name, pjirc_value) VALUES ('irc_channel3_on', '0');
INSERT INTO phpbb_pjirc (pjirc_name, pjirc_value) VALUES ('irc_channel2', '');
INSERT INTO phpbb_pjirc (pjirc_name, pjirc_value) VALUES ('irc_channel3', '');
INSERT INTO phpbb_pjirc (pjirc_name, pjirc_value) VALUES ('irc_multiserver', '0');
INSERT INTO phpbb_pjirc (pjirc_name, pjirc_value) VALUES ('irc_multiserver_server', 'irc.freenode.net'); 
INSERT INTO phpbb_pjirc (pjirc_name, pjirc_value) VALUES ('irc_multiserver_port', '6667'); 
INSERT INTO phpbb_pjirc (pjirc_name, pjirc_value) VALUES ('irc_multiserver_delay', '60000'); 
INSERT INTO phpbb_pjirc (pjirc_name, pjirc_value) VALUES ('irc_use_info', '0');
INSERT INTO phpbb_pjirc (pjirc_name, pjirc_value) VALUES ('irc_style_selector', '1');
INSERT INTO phpbb_pjirc (pjirc_name, pjirc_value) VALUES ('irc_style_selector_definition', '');
INSERT INTO phpbb_pjirc (pjirc_name, pjirc_value) VALUES ('irc_font_style', '1');
INSERT INTO phpbb_pjirc (pjirc_name, pjirc_value) VALUES ('irc_font_style_definition', '');
INSERT INTO phpbb_pjirc (pjirc_name, pjirc_value) VALUES ('irc_style_nick_left', '');
INSERT INTO phpbb_pjirc (pjirc_name, pjirc_value) VALUES ('irc_style_nick_right', '');
INSERT INTO phpbb_pjirc (pjirc_name, pjirc_value) VALUES ('irc_show_highlight', '1');
INSERT INTO phpbb_pjirc (pjirc_name, pjirc_value) VALUES ('irc_highlightcolor', '4');
INSERT INTO phpbb_pjirc (pjirc_name, pjirc_value) VALUES ('irc_highlightwords', 'word1 word2 word3');
INSERT INTO phpbb_pjirc (pjirc_name, pjirc_value) VALUES ('irc_background_which', '1');
INSERT INTO phpbb_pjirc (pjirc_name, pjirc_value) VALUES ('irc_background_file', '');

# -- Deom Portal page
INSERT INTO phpbb_portal (portal_use_url, portal_forum, portal_list_limit, portal_navbar_name, portal_navbar) VALUES (0, 1, 3, 'Portal Page', 1);

# -- Demo Post
INSERT INTO phpbb_posts (post_id, topic_id, forum_id, poster_id, post_time, post_username, poster_ip) VALUES (1, 1, 1, 2, 972086460, NULL, '7F000001');
INSERT INTO phpbb_posts_text (post_id, post_subject, post_text) VALUES (1, NULL, 'This is an example post in your Fully Modded phpBB 2 installation. You may delete this post, even this topic if you like since everything seems to be working! Please enjoy the new Fully Modded features!');

# -- Quota limits
INSERT INTO phpbb_quota_limits (quota_limit_id, quota_desc, quota_limit) VALUES (1, 'Low', 262144);
INSERT INTO phpbb_quota_limits (quota_limit_id, quota_desc, quota_limit) VALUES (2, 'Medium', 2097152);
INSERT INTO phpbb_quota_limits (quota_limit_id, quota_desc, quota_limit) VALUES (3, 'High', 5242880);

# -- Ranks
INSERT INTO phpbb_ranks (rank_id, rank_title, rank_min, rank_special, rank_image) VALUES ( 1, 'Site Admin', -1, 1, NULL);

# -- Rating Config
INSERT INTO phpbb_rating_config (label, num_value, text_value, config_id, input_type, list_order) VALUES ('Rating system active','0',NULL,'1','3','100');
INSERT INTO phpbb_rating_config (label, num_value, text_value, config_id, input_type, list_order) VALUES ('Weighting method','1',NULL,'3','3','300');
INSERT INTO phpbb_rating_config (label, num_value, text_value, config_id, input_type, list_order) VALUES ('Users can change ratings','1',NULL,'4','3','400');
INSERT INTO phpbb_rating_config (label, num_value, text_value, config_id, input_type, list_order) VALUES ('Max daily ratings (0=unlimited)','10',NULL,'5','2','500');
INSERT INTO phpbb_rating_config (label, num_value, text_value, config_id, input_type, list_order) VALUES ('Show who rated','1',NULL,'6','3','600');
INSERT INTO phpbb_rating_config (label, num_value, text_value, config_id, input_type, list_order) VALUES ('Allow users to hide name','1',NULL,'7','3','700');
INSERT INTO phpbb_rating_config (label, num_value, text_value, config_id, input_type, list_order) VALUES ('Rate first post only','0',NULL,'2','3','200');
INSERT INTO phpbb_rating_config (label, num_value, text_value, config_id, input_type, list_order) VALUES ('Overall ranking method: posts','1',NULL,'8','3','800');
INSERT INTO phpbb_rating_config (label, num_value, text_value, config_id, input_type, list_order) VALUES ('Overall ranking method: topics','1',NULL,'9','3','900');
INSERT INTO phpbb_rating_config (label, num_value, text_value, config_id, input_type, list_order) VALUES ('Overall ranking method: users','1',NULL,'10','3','1000');
INSERT INTO phpbb_rating_config (label, num_value, text_value, config_id, input_type, list_order) VALUES ('Max daily ratings per user','1',NULL,'13','2','550');
INSERT INTO phpbb_rating_config (label, num_value, text_value, config_id, input_type, list_order) VALUES ('Open in new window','1',NULL,'14','3','1400');
INSERT INTO phpbb_rating_config (label, num_value, text_value, config_id, input_type, list_order) VALUES ('Min. post count','5',NULL,'15','2','240');
INSERT INTO phpbb_rating_config (label, num_value, text_value, config_id, input_type, list_order) VALUES ('Min. days registered','7',NULL,'16','2','250');
INSERT INTO phpbb_rating_config (label, num_value, text_value, config_id, input_type, list_order) VALUES ('Bias system active','1',NULL,'11','3','1100');
INSERT INTO phpbb_rating_config (label, num_value, text_value, config_id, input_type, list_order) VALUES ('Show bias usernames?','1',NULL,'17','3','1150');
INSERT INTO phpbb_rating_config (label, num_value, text_value, config_id, input_type, list_order) VALUES ('Show dropdown in viewtopic?','0',NULL,'18','3','1800');
INSERT INTO phpbb_rating_config (label, num_value, text_value, config_id, input_type, list_order) VALUES ('Show dropdown in viewforum?','0',NULL,'19','3','1900');

# -- Rating options
INSERT INTO phpbb_rating_option (option_id, points, label, weighting, user_type) VALUES ('1','2','Highly recommended','5','1');
INSERT INTO phpbb_rating_option (option_id, points, label, weighting, user_type) VALUES ('2','1','Recommended','0','1');
INSERT INTO phpbb_rating_option (option_id, points, label, weighting, user_type) VALUES ('3','5','Moderator-recommended','0','3'); 

# -- Rating rank
INSERT INTO phpbb_rating_rank (rating_rank_id, type, average_threshold, sum_threshold, label, icon, user_rank) VALUES ('2','5','2','5','Worth a look','2star_green.gif','0');
INSERT INTO phpbb_rating_rank (rating_rank_id, type, average_threshold, sum_threshold, label, icon, user_rank) VALUES ('3','5','4','20','Impressive','4star_green.gif','0');
INSERT INTO phpbb_rating_rank (rating_rank_id, type, average_threshold, sum_threshold, label, icon, user_rank) VALUES ('6','5','1','1','Acknowledged','1star_green.gif','0');
INSERT INTO phpbb_rating_rank (rating_rank_id, type, average_threshold, sum_threshold, label, icon, user_rank) VALUES ('7','5','3','10','Quality','3star_green.gif','0');
INSERT INTO phpbb_rating_rank (rating_rank_id, type, average_threshold, sum_threshold, label, icon, user_rank) VALUES ('8','5','5','40','Inspired','5star_green.gif','0');
INSERT INTO phpbb_rating_rank (rating_rank_id, type, average_threshold, sum_threshold, label, icon, user_rank) VALUES ('11','4','1','2','Acknowledged','1star_cyan.gif','0');
INSERT INTO phpbb_rating_rank (rating_rank_id, type, average_threshold, sum_threshold, label, icon, user_rank) VALUES ('12','4','2','10','Worth a look','2star_cyan.gif','0');
INSERT INTO phpbb_rating_rank (rating_rank_id, type, average_threshold, sum_threshold, label, icon, user_rank) VALUES ('13','4','3','20','Quality','3star_cyan.gif','0');
INSERT INTO phpbb_rating_rank (rating_rank_id, type, average_threshold, sum_threshold, label, icon, user_rank) VALUES ('14','4','4','40','Impressive','4star_cyan.gif','0');
INSERT INTO phpbb_rating_rank (rating_rank_id, type, average_threshold, sum_threshold, label, icon, user_rank) VALUES ('15','4','5','80','Inspired','5star_cyan.gif','0');

# -- Referrals
INSERT INTO phpbb_referral (referral_id, ruid, nuid, referral_time) VALUES ('1','2','2','1047215234');

# -- wordlist
INSERT INTO phpbb_search_wordlist (word_id, word_text, word_common) VALUES ( 1, 'example', 0 );
INSERT INTO phpbb_search_wordlist (word_id, word_text, word_common) VALUES ( 2, 'post', 0 );
INSERT INTO phpbb_search_wordlist (word_id, word_text, word_common) VALUES ( 3, 'phpbbfm', 0 );
INSERT INTO phpbb_search_wordlist (word_id, word_text, word_common) VALUES ( 4, 'installation', 0 );
INSERT INTO phpbb_search_wordlist (word_id, word_text, word_common) VALUES ( 5, 'delete', 0 );
INSERT INTO phpbb_search_wordlist (word_id, word_text, word_common) VALUES ( 6, 'topic', 0 );
INSERT INTO phpbb_search_wordlist (word_id, word_text, word_common) VALUES ( 7, 'forum', 0 );
INSERT INTO phpbb_search_wordlist (word_id, word_text, word_common) VALUES ( 8, 'since', 0 );
INSERT INTO phpbb_search_wordlist (word_id, word_text, word_common) VALUES ( 9, 'everything', 0 );
INSERT INTO phpbb_search_wordlist (word_id, word_text, word_common) VALUES ( 10, 'seems', 0 );
INSERT INTO phpbb_search_wordlist (word_id, word_text, word_common) VALUES ( 11, 'working', 0 );
INSERT INTO phpbb_search_wordlist (word_id, word_text, word_common) VALUES ( 12, 'welcome', 0 );

# -- wordmatch
INSERT INTO phpbb_search_wordmatch (word_id, post_id, title_match) VALUES ( 1, 1, 0 );
INSERT INTO phpbb_search_wordmatch (word_id, post_id, title_match) VALUES ( 2, 1, 0 );
INSERT INTO phpbb_search_wordmatch (word_id, post_id, title_match) VALUES ( 3, 1, 0 );
INSERT INTO phpbb_search_wordmatch (word_id, post_id, title_match) VALUES ( 4, 1, 0 );
INSERT INTO phpbb_search_wordmatch (word_id, post_id, title_match) VALUES ( 5, 1, 0 );
INSERT INTO phpbb_search_wordmatch (word_id, post_id, title_match) VALUES ( 6, 1, 0 );
INSERT INTO phpbb_search_wordmatch (word_id, post_id, title_match) VALUES ( 7, 1, 0 );
INSERT INTO phpbb_search_wordmatch (word_id, post_id, title_match) VALUES ( 8, 1, 0 );
INSERT INTO phpbb_search_wordmatch (word_id, post_id, title_match) VALUES ( 9, 1, 0 );
INSERT INTO phpbb_search_wordmatch (word_id, post_id, title_match) VALUES ( 10, 1, 0 );
INSERT INTO phpbb_search_wordmatch (word_id, post_id, title_match) VALUES ( 11, 1, 0 );
INSERT INTO phpbb_search_wordmatch (word_id, post_id, title_match) VALUES ( 12, 1, 1 );
INSERT INTO phpbb_search_wordmatch (word_id, post_id, title_match) VALUES ( 3, 1, 1 );

# -- Smilies
INSERT INTO phpbb_smilies (smilies_id, cat_id, code, smile_url, emoticon, smilies_order) VALUES ( 1, 1, ':D', 'icon_biggrin.gif', 'Very Happy', 1);
INSERT INTO phpbb_smilies (smilies_id, cat_id, code, smile_url, emoticon, smilies_order) VALUES ( 2, 1, ':-D', 'icon_biggrin.gif', 'Very Happy', 2);
INSERT INTO phpbb_smilies (smilies_id, cat_id, code, smile_url, emoticon, smilies_order) VALUES ( 3, 1, ':grin:', 'icon_biggrin.gif', 'Very Happy', 3);
INSERT INTO phpbb_smilies (smilies_id, cat_id, code, smile_url, emoticon, smilies_order) VALUES ( 4, 1, ':)', 'icon_smile.gif', 'Smile', 4);
INSERT INTO phpbb_smilies (smilies_id, cat_id, code, smile_url, emoticon, smilies_order) VALUES ( 5, 1, ':-)', 'icon_smile.gif', 'Smile', 5);
INSERT INTO phpbb_smilies (smilies_id, cat_id, code, smile_url, emoticon, smilies_order) VALUES ( 6, 1, ':smile:', 'icon_smile.gif', 'Smile', 6);
INSERT INTO phpbb_smilies (smilies_id, cat_id, code, smile_url, emoticon, smilies_order) VALUES ( 7, 1, ':(', 'icon_sad.gif', 'Sad', 7);
INSERT INTO phpbb_smilies (smilies_id, cat_id, code, smile_url, emoticon, smilies_order) VALUES ( 8, 1, ':-(', 'icon_sad.gif', 'Sad', 8);
INSERT INTO phpbb_smilies (smilies_id, cat_id, code, smile_url, emoticon, smilies_order) VALUES ( 9, 1, ':sad:', 'icon_sad.gif', 'Sad', 9);
INSERT INTO phpbb_smilies (smilies_id, cat_id, code, smile_url, emoticon, smilies_order) VALUES ( 10, 1, ':o', 'icon_surprised.gif', 'Surprised', 10);
INSERT INTO phpbb_smilies (smilies_id, cat_id, code, smile_url, emoticon, smilies_order) VALUES ( 11, 1, ':-o', 'icon_surprised.gif', 'Surprised', 11);
INSERT INTO phpbb_smilies (smilies_id, cat_id, code, smile_url, emoticon, smilies_order) VALUES ( 12, 1, ':eek:', 'icon_surprised.gif', 'Surprised', 12);
INSERT INTO phpbb_smilies (smilies_id, cat_id, code, smile_url, emoticon, smilies_order) VALUES ( 13, 1, ':shock:', 'icon_eek.gif', 'Shocked', 13);
INSERT INTO phpbb_smilies (smilies_id, cat_id, code, smile_url, emoticon, smilies_order) VALUES ( 14, 1, ':?', 'icon_confused.gif', 'Confused', 14);
INSERT INTO phpbb_smilies (smilies_id, cat_id, code, smile_url, emoticon, smilies_order) VALUES ( 15, 1, ':-?', 'icon_confused.gif', 'Confused', 15);
INSERT INTO phpbb_smilies (smilies_id, cat_id, code, smile_url, emoticon, smilies_order) VALUES ( 16, 1, ':???:', 'icon_confused.gif', 'Confused', 16);
INSERT INTO phpbb_smilies (smilies_id, cat_id, code, smile_url, emoticon, smilies_order) VALUES ( 17, 1, '8-)', 'icon_cool.gif', 'Cool', 17);
INSERT INTO phpbb_smilies (smilies_id, cat_id, code, smile_url, emoticon, smilies_order) VALUES ( 18, 1, ':cool:', 'icon_cool.gif', 'Cool', 18);
INSERT INTO phpbb_smilies (smilies_id, cat_id, code, smile_url, emoticon, smilies_order) VALUES ( 19, 1, ':lol:', 'icon_lol.gif', 'Laughing', 19);
INSERT INTO phpbb_smilies (smilies_id, cat_id, code, smile_url, emoticon, smilies_order) VALUES ( 20, 1, ':x', 'icon_mad.gif', 'Mad', 20);
INSERT INTO phpbb_smilies (smilies_id, cat_id, code, smile_url, emoticon, smilies_order) VALUES ( 21, 1, ':-x', 'icon_mad.gif', 'Mad', 21);
INSERT INTO phpbb_smilies (smilies_id, cat_id, code, smile_url, emoticon, smilies_order) VALUES ( 22, 1, ':mad:', 'icon_mad.gif', 'Mad', 22);
INSERT INTO phpbb_smilies (smilies_id, cat_id, code, smile_url, emoticon, smilies_order) VALUES ( 23, 1, ':P', 'icon_razz.gif', 'Razz', 23);
INSERT INTO phpbb_smilies (smilies_id, cat_id, code, smile_url, emoticon, smilies_order) VALUES ( 24, 1, ':-P', 'icon_razz.gif', 'Razz', 24);
INSERT INTO phpbb_smilies (smilies_id, cat_id, code, smile_url, emoticon, smilies_order) VALUES ( 25, 1, ':razz:', 'icon_razz.gif', 'Razz', 25);
INSERT INTO phpbb_smilies (smilies_id, cat_id, code, smile_url, emoticon, smilies_order) VALUES ( 26, 1, ':oops:', 'icon_redface.gif', 'Embarassed', 26);
INSERT INTO phpbb_smilies (smilies_id, cat_id, code, smile_url, emoticon, smilies_order) VALUES ( 27, 1, ':cry:', 'icon_cry.gif', 'Crying or Very sad', 27);
INSERT INTO phpbb_smilies (smilies_id, cat_id, code, smile_url, emoticon, smilies_order) VALUES ( 28, 1, ':evil:', 'icon_evil.gif', 'Evil or Very Mad', 28);
INSERT INTO phpbb_smilies (smilies_id, cat_id, code, smile_url, emoticon, smilies_order) VALUES ( 29, 1, ':twisted:', 'icon_twisted.gif', 'Twisted Evil', 29);
INSERT INTO phpbb_smilies (smilies_id, cat_id, code, smile_url, emoticon, smilies_order) VALUES ( 30, 1, ':roll:', 'icon_rolleyes.gif', 'Rolling Eyes', 30);
INSERT INTO phpbb_smilies (smilies_id, cat_id, code, smile_url, emoticon, smilies_order) VALUES ( 31, 1, ':wink:', 'icon_wink.gif', 'Wink', 31);
INSERT INTO phpbb_smilies (smilies_id, cat_id, code, smile_url, emoticon, smilies_order) VALUES ( 32, 1, ';)', 'icon_wink.gif', 'Wink', 32);
INSERT INTO phpbb_smilies (smilies_id, cat_id, code, smile_url, emoticon, smilies_order) VALUES ( 33, 1, ';-)', 'icon_wink.gif', 'Wink', 33);
INSERT INTO phpbb_smilies (smilies_id, cat_id, code, smile_url, emoticon, smilies_order) VALUES ( 34, 1, ':!:', 'icon_exclaim.gif', 'Exclamation', 34);
INSERT INTO phpbb_smilies (smilies_id, cat_id, code, smile_url, emoticon, smilies_order) VALUES ( 35, 1, ':?:', 'icon_question.gif', 'Question', 35);
INSERT INTO phpbb_smilies (smilies_id, cat_id, code, smile_url, emoticon, smilies_order) VALUES ( 36, 1, ':idea:', 'icon_idea.gif', 'Idea', 36);
INSERT INTO phpbb_smilies (smilies_id, cat_id, code, smile_url, emoticon, smilies_order) VALUES ( 37, 1, ':arrow:', 'icon_arrow.gif', 'Arrow', 37);
INSERT INTO phpbb_smilies (smilies_id, cat_id, code, smile_url, emoticon, smilies_order) VALUES ( 38, 1, ':|', 'icon_neutral.gif', 'Neutral', 38);
INSERT INTO phpbb_smilies (smilies_id, cat_id, code, smile_url, emoticon, smilies_order) VALUES ( 39, 1, ':-|', 'icon_neutral.gif', 'Neutral', 39);
INSERT INTO phpbb_smilies (smilies_id, cat_id, code, smile_url, emoticon, smilies_order) VALUES ( 40, 1, ':neutral:', 'icon_neutral.gif', 'Neutral', 40);
INSERT INTO phpbb_smilies (smilies_id, cat_id, code, smile_url, emoticon, smilies_order) VALUES ( 41, 1, ':mrgreen:', 'icon_mrgreen.gif', 'Mr. Green', 41);

# -- Smilies Category
INSERT INTO phpbb_smilies_cat (cat_id, cat_name, description, cat_order, cat_perms, cat_forum, cat_special, smilies_popup) VALUES (1, 'phpBB', 'The default phpBB2 Smilies', 1, 10, '1 999', -2, '410|300|8|1|0|0');

# -- Statistics Smilies
INSERT INTO phpbb_stats_smilies_info (last_post_id, last_update_time, update_time) VALUES ('0','0','10080');

# -- Themes
# -- subSilver
INSERT INTO phpbb_themes (themes_id, template_name, style_name, head_stylesheet, body_background, body_bgcolor, body_text, body_link, body_vlink, body_alink, body_hlink, tr_color1, tr_color2, tr_color3, tr_class1, tr_class2, tr_class3, th_color1, th_color2, th_color3, th_class1, th_class2, th_class3, td_color1, td_color2, td_color3, td_class1, td_class2, td_class3, fontface1, fontface2, fontface3, fontsize1, fontsize2, fontsize3, fontcolor1, fontcolor2, fontcolor3, fontcolor4, adminfontcolor, supermodfontcolor, modfontcolor, playersfontcolor, botfontcolor, hr_color1, hr_color2, hr_color3, hr_color4, hr_color5, hr_color6, hr_color7, hr_color8, hr_color9, jb_color1, jb_color2, jb_color3, adminbold, supermodbold, modbold) VALUES (1, 'subSilver', 'subSilver', 'subSilver.css', 'background: url(templates/subSilver/images/background.gif) repeat-x;', 'FFFFFF', '323D4F', '006699', '5493B4', '', 'DD6900', 'F0F0F0', 'E0E4E8', 'D0D0D8', '', '', '', '98AAB1', '006699', 'FFFFFF', 'cellpic1.gif', 'cellpic3.gif', 'cellpic2.jpg', 'FAFAFA', 'FFFFFF', '', 'row1', 'row2', '', 'Verdana, Helvetica, Arial, sans-serif', 'Trebuchet MS', 'Courier, \'Courier New\', sans-serif', 10, 11, 12, '444444', '006600', 'FFA34F', 'FFA34F', 'FFA34F', '737353', '006600', '0099CC', '9E8DA7', 'E8F3FC', 'D5E8F9', 'B7D9F6', 'FCECE8', 'F9DDD5', 'FACCBF', 'E9FAEA', 'D5F9D6', 'B2EEB4', '006EBB', 'FF6428', '329600', 1, 1, 1);

# -- Demo Topic
INSERT INTO phpbb_topics (topic_id, topic_title, topic_poster, topic_time, topic_views, topic_replies, forum_id, topic_status, topic_type, topic_vote, topic_first_post_id, topic_last_post_id) VALUES (1, 'Welcome to Fully Modded phpBB 2', 2, 972086460, 0, 0, 1, 0, 0, 0, 1, 1);

# -- User -> Group
INSERT INTO phpbb_user_group (group_id, user_id, user_pending) VALUES (1, -1, 0);
INSERT INTO phpbb_user_group (group_id, user_id, user_pending) VALUES (2, 2, 0);

# -- Users
INSERT INTO phpbb_users (user_id, username, user_level, user_regdate, user_password, user_email, user_icq, user_website, user_occ, user_from, user_interests, user_sig, user_viewemail, user_style, user_aim, user_yim, user_msnm, user_posts, user_attachsig, user_allowsmile, user_allowhtml, user_allowbbcode, user_allow_pm, user_notify_pm, user_allow_viewonline, user_rank, user_avatar, user_lang, user_timezone, user_dateformat, user_actkey, user_newpasswd, user_notify, user_active) VALUES ( -1, 'Anonymous', 0, 0, '', '', '', '', '', '', '', '', 0, 1, '', '', '', 0, 0, 1, 0, 1, 0, 1, 1, NULL, '', '', 0, '', '', '', 0, 0);
# -- username: admin    password: admin (change this or remove it once everything is working!)
INSERT INTO phpbb_users (user_id, username, user_level, user_regdate, user_password, user_email, user_icq, user_website, user_occ, user_from, user_interests, user_sig, user_viewemail, user_style, user_aim, user_yim, user_msnm, user_posts, user_attachsig, user_allowsmile, user_allowhtml, user_allowbbcode, user_allow_pm, user_notify_pm, user_popup_pm, user_allow_viewonline, user_rank, user_avatar, user_lang, user_timezone, user_dateformat, user_actkey, user_newpasswd, user_notify, user_active) VALUES ( 2, 'Admin', 1, 0, '21232f297a57a5a743894a0e4a801fc3', 'admin@yourdomain.com', '', '', '', '', '', '', 1, 1, '', '', '', 1, 0, 1, 0, 1, 1, 1, 1, 1, 1, '', 'english', 0, 'd M Y h:i a', '', '', 0, 1);

# -- Custom Profile Fields
INSERT INTO phpbb_xdata_fields (field_id, field_name, field_type, field_order, code_name, display_register) VALUES ('1', 'ICQ Number', 'special', '3', 'icq', '2');
INSERT INTO phpbb_xdata_fields (field_id, field_name, field_type, field_order, code_name, display_register) VALUES ('2', 'AIM Address', 'special', '4', 'aim', '2');
INSERT INTO phpbb_xdata_fields (field_id, field_name, field_type, field_order, code_name, display_register) VALUES ('3', 'MSN Messenger', 'special', '6', 'msn', '2');
INSERT INTO phpbb_xdata_fields (field_id, field_name, field_type, field_order, code_name, display_register) VALUES ('4', 'Yahoo Messenger', 'special', '7', 'yim', '2');
INSERT INTO phpbb_xdata_fields (field_id, field_name, field_type, field_order, code_name, display_register) VALUES ('5', 'Website', 'special', '9', 'website', '2');
INSERT INTO phpbb_xdata_fields (field_id, field_name, field_type, field_order, code_name, display_register) VALUES ('6', 'Location', 'special', '11', 'location', '2');
INSERT INTO phpbb_xdata_fields (field_id, field_name, field_type, field_order, code_name, display_register) VALUES ('7', 'Occupation', 'special', '14', 'occupation', '2');
INSERT INTO phpbb_xdata_fields (field_id, field_name, field_type, field_order, code_name, display_register) VALUES ('8', 'Interests', 'special', '15', 'interests', '2');
INSERT INTO phpbb_xdata_fields (field_id, field_name, field_type, field_order, code_name, display_register) VALUES ('9', 'Real Name', 'special', '1', 'realname', '2');
INSERT INTO phpbb_xdata_fields (field_id, field_name, field_type, field_order, code_name, display_register) VALUES ('10', 'Skype Name', 'special', '2', 'skype', '2');
INSERT INTO phpbb_xdata_fields (field_id, field_name, field_type, field_order, code_name, display_register) VALUES ('11', 'Xfire Address', 'special', '5', 'xfi', '2');
INSERT INTO phpbb_xdata_fields (field_id, field_name, field_type, field_order, code_name, display_register) VALUES ('12', 'Google Talk', 'special', '8', 'gtalk', '2');
INSERT INTO phpbb_xdata_fields (field_id, field_name, field_type, field_order, code_name, display_register) VALUES ('13', 'StumbleUpon Profile', 'special', '10', 'stumble', '2');
INSERT INTO phpbb_xdata_fields (field_id, field_name, field_type, field_order, code_name, display_register) VALUES ('14', 'Weather city code', 'special', '12', 'zipcode', '2');
INSERT INTO phpbb_xdata_fields (field_id, field_name, field_type, field_order, code_name, display_register) VALUES ('15', 'Country Flag', 'special', '13', 'flag', '2');
INSERT INTO phpbb_xdata_fields (field_id, field_name, field_type, field_order, code_name, display_register) VALUES ('16', 'Gender', 'special', '16', 'gender', '2');
INSERT INTO phpbb_xdata_fields (field_id, field_name, field_type, field_order, code_name, display_register) VALUES ('17', 'Birthday', 'special', '17', 'bday', '2');

# -- Page Permissions
INSERT INTO phpbb_pages (page_name, page_key) VALUES ('activity.php', 'activity.php');
INSERT INTO phpbb_pages (page_name, page_key) VALUES ('album.php', 'album.php');
INSERT INTO phpbb_pages (page_name, page_key) VALUES ('attachments.php', 'attachments.php');
INSERT INTO phpbb_pages (page_name, page_key) VALUES ('auctions.php', 'auctions.php');
INSERT INTO phpbb_pages (page_name, page_key) VALUES ('avatarsuite_listavatars.php', 'avatarsuite_listavatars.php');
INSERT INTO phpbb_pages (page_name, page_key) VALUES ('avatarsuite_toplist.php', 'avatarsuite_toplist.php');
INSERT INTO phpbb_pages (page_name, page_key) VALUES ('avatarsuite_vote.php', 'avatarsuite_vote.php');
INSERT INTO phpbb_pages (page_name, page_key) VALUES ('bank.php', 'bank.php');
INSERT INTO phpbb_pages (page_name, page_key) VALUES ('banlist.php', 'banlist.php');
INSERT INTO phpbb_pages (page_name, page_key) VALUES ('bookies.php', 'bookies.php');
INSERT INTO phpbb_pages (page_name, page_key) VALUES ('bookie_allstats.php', 'bookie_allstats.php');
INSERT INTO phpbb_pages (page_name, page_key) VALUES ('calendar.php', 'calendar.php');
INSERT INTO phpbb_pages (page_name, page_key) VALUES ('charts.php', 'charts.php');
INSERT INTO phpbb_pages (page_name, page_key) VALUES ('chatroom.php', 'chatroom.php');
INSERT INTO phpbb_pages (page_name, page_key) VALUES ('digests.php', 'digests.php');
INSERT INTO phpbb_pages (page_name, page_key) VALUES ('dload.php', 'dload.php');
INSERT INTO phpbb_pages (page_name, page_key) VALUES ('donate.php', 'donate.php');
INSERT INTO phpbb_pages (page_name, page_key) VALUES ('faq.php', 'faq.php');
INSERT INTO phpbb_pages (page_name, page_key) VALUES ('getdaily.php', 'getdaily.php');
INSERT INTO phpbb_pages (page_name, page_key) VALUES ('groupcp.php', 'groupcp.php');
INSERT INTO phpbb_pages (page_name, page_key) VALUES ('groupmsg.php', 'groupmsg.php');
INSERT INTO phpbb_pages (page_name, page_key) VALUES ('helpdesk.php', 'helpdesk.php');
INSERT INTO phpbb_pages (page_name, page_key) VALUES ('index.php', 'index.php');
INSERT INTO phpbb_pages (page_name, page_key) VALUES ('index_all.php', 'index_all.php');
INSERT INTO phpbb_pages (page_name, page_key) VALUES ('imclient.php', 'imclient.php');
INSERT INTO phpbb_pages (page_name, page_key) VALUES ('imlist.php', 'imlist.php');
INSERT INTO phpbb_pages (page_name, page_key) VALUES ('jobs.php', 'jobs.php');
INSERT INTO phpbb_pages (page_name, page_key) VALUES ('kb.php', 'kb.php');
INSERT INTO phpbb_pages (page_name, page_key) VALUES ('kb_search.php', 'kb_search.php');
INSERT INTO phpbb_pages (page_name, page_key) VALUES ('lexicon.php', 'lexicon.php');
INSERT INTO phpbb_pages (page_name, page_key) VALUES ('linkdb.php', 'linkdb.php');
INSERT INTO phpbb_pages (page_name, page_key) VALUES ('lottery.php', 'lottery.php');
INSERT INTO phpbb_pages (page_name, page_key) VALUES ('medals.php', 'medals.php');
INSERT INTO phpbb_pages (page_name, page_key) VALUES ('meeting.php', 'meeting.php');
INSERT INTO phpbb_pages (page_name, page_key) VALUES ('memberlist.php', 'memberlist.php');
INSERT INTO phpbb_pages (page_name, page_key) VALUES ('portal.php', 'portal.php');
INSERT INTO phpbb_pages (page_name, page_key) VALUES ('polls.php', 'polls.php');
INSERT INTO phpbb_pages (page_name, page_key) VALUES ('privmsg.php', 'privmsg.php');
INSERT INTO phpbb_pages (page_name, page_key) VALUES ('privmsg_export.php', 'privmsg_export.php');
INSERT INTO phpbb_pages (page_name, page_parm_name, page_parm_value, page_key) VALUES ('profile.php', 'mode', 'viewprofile', 'profile.php?mode=viewprofile');
INSERT INTO phpbb_pages (page_name, page_parm_name, page_parm_value, page_key) VALUES ('profile.php', 'mode', 'email', 'profile.php?mode=email');
INSERT INTO phpbb_pages (page_name, page_key) VALUES ('profile_attachments.php', 'profile_attachments.php');
INSERT INTO phpbb_pages (page_name, page_key) VALUES ('profile_biorhythm.php', 'profile_biorhythm.php');
INSERT INTO phpbb_pages (page_name, page_key) VALUES ('profile_donations.php', 'profile_donations.php');
INSERT INTO phpbb_pages (page_name, page_key) VALUES ('profile_myinfo.php', 'profile_myinfo.php');
INSERT INTO phpbb_pages (page_name, page_key) VALUES ('profile_mypoints.php', 'profile_mypoints.php');
INSERT INTO phpbb_pages (page_name, page_key) VALUES ('profile_mypoints_from.php', 'profile_mypoints_from.php');
INSERT INTO phpbb_pages (page_name, page_key) VALUES ('profile_mypoints_to.php', 'profile_mypoints_to.php');
INSERT INTO phpbb_pages (page_name, page_key) VALUES ('profile_notes.php', 'profile_notes.php');
INSERT INTO phpbb_pages (page_name, page_key) VALUES ('profile_sig_editor.php', 'profile_sig_editor.php');
INSERT INTO phpbb_pages (page_name, page_key) VALUES ('profile_subscriptions.php', 'profile_subscriptions.php');
INSERT INTO phpbb_pages (page_name, page_key) VALUES ('profile_topics.php', 'profile_topics.php');
INSERT INTO phpbb_pages (page_name, page_key) VALUES ('profile_topics_watched.php', 'profile_topics_watched.php');
INSERT INTO phpbb_pages (page_name, page_key) VALUES ('profile_views.php', 'profile_views.php');
INSERT INTO phpbb_pages (page_name, page_key) VALUES ('ratings.php', 'ratings.php');
INSERT INTO phpbb_pages (page_name, page_key) VALUES ('rss.php', 'rss.php');
INSERT INTO phpbb_pages (page_name, page_key) VALUES ('search.php', 'search.php');
INSERT INTO phpbb_pages (page_name, page_key) VALUES ('shop.php', 'shop.php');
INSERT INTO phpbb_pages (page_name, page_key) VALUES ('shop_transactions.php', 'shop_transactions.php');
INSERT INTO phpbb_pages (page_name, page_key) VALUES ('shop_users.php', 'shop_users.php');
INSERT INTO phpbb_pages (page_name, page_key) VALUES ('shoutbox.php', 'shoutbox.php');
INSERT INTO phpbb_pages (page_name, page_key) VALUES ('shoutbox_max.php', 'shoutbox_max.php');
INSERT INTO phpbb_pages (page_name, page_key) VALUES ('sitemap.php', 'sitemap.php');
INSERT INTO phpbb_pages (page_name, page_key) VALUES ('smilies.php', 'smilies.php');
INSERT INTO phpbb_pages (page_name, page_key) VALUES ('staff.php', 'staff.php');
INSERT INTO phpbb_pages (page_name, page_key) VALUES ('statistics.php', 'statistics.php');
INSERT INTO phpbb_pages (page_name, page_key) VALUES ('tellafriend.php', 'tellafriend.php');
INSERT INTO phpbb_pages (page_name, page_key) VALUES ('thread_kicker.php', 'thread_kicker.php');
INSERT INTO phpbb_pages (page_name, page_key) VALUES ('transactions.php', 'transactions.php');
INSERT INTO phpbb_pages (page_name, page_key) VALUES ('top_referrals.php', 'top_referrals.php');
INSERT INTO phpbb_pages (page_name, page_key) VALUES ('topic_view_users.php', 'topic_view_users.php');
INSERT INTO phpbb_pages (page_name, page_key) VALUES ('toplist.php', 'toplist.php');
INSERT INTO phpbb_pages (page_name, page_key) VALUES ('tour.php', 'tour.php');
INSERT INTO phpbb_pages (page_name, page_key) VALUES ('viewtopic_posted.php', 'viewtopic_posted.php');
INSERT INTO phpbb_pages (page_name, page_key) VALUES ('viewforum.php', 'viewforum.php');
INSERT INTO phpbb_pages (page_name, page_key) VALUES ('viewonline.php', 'viewonline.php');
INSERT INTO phpbb_pages (page_name, page_key) VALUES ('viewpost.php', 'viewpost.php');
INSERT INTO phpbb_pages (page_name, page_key) VALUES ('viewtopic.php', 'viewtopic.php');
INSERT INTO phpbb_pages (page_name, page_key) VALUES ('viewtopic_print.php', 'viewtopic_print.php');
INSERT INTO phpbb_pages (page_name, page_key) VALUES ('viewtopic_viewed.php', 'viewtopic_viewed.php');
